2026-02-25 07:20:47: 2026-02-25 07:20:47 [googleapiclient.discovery_cache] INFO: file_cache is only supported with oauth2client<4.0.0
2026-02-25 07:20:49: 2026-02-25 07:20:49 [google_auth_httplib2] INFO: Refreshing credentials due to a 401 response. Attempt 1/2.
2026-02-25 07:20:50: 2026-02-25 07:20:50 [YouTubeWatcher] INFO: Watching channel: Shumaila Siddiqui (UCVOB3i5IeuVHIKURDwFEkSA)
2026-02-25 07:20:50: 2026-02-25 07:20:50 [YouTubeWatcher] INFO: Starting YouTubeWatcher (interval: 300s, vault: /mnt/d/AI_Employee_Vault/AI_Employee_Vault)
2026-02-25 07:21:40: Traceback (most recent call last):
2026-02-25 07:21:40:   File "/mnt/d/AI_Employee_Vault/AI_Employee_Vault/youtube_watcher.py", line 241, in <module>
2026-02-25 07:21:40:     main()
2026-02-25 07:21:40:     ~~~~^^
2026-02-25 07:21:40:   File "/mnt/d/AI_Employee_Vault/AI_Employee_Vault/youtube_watcher.py", line 237, in main
2026-02-25 07:21:40:     watcher.run()
2026-02-25 07:21:40:     ~~~~~~~~~~~^^
2026-02-25 07:21:40:   File "/mnt/d/AI_Employee_Vault/AI_Employee_Vault/base_watcher.py", line 92, in run
2026-02-25 07:21:40:     time.sleep(self.check_interval)
2026-02-25 07:21:40:     ~~~~~~~~~~^^^^^^^^^^^^^^^^^^^^^
2026-02-25 07:21:40: KeyboardInterrupt
2026-02-25 13:00:25: 2026-02-25 13:00:25 [googleapiclient.discovery_cache] INFO: file_cache is only supported with oauth2client<4.0.0
2026-02-25 13:00:27: 2026-02-25 13:00:27 [google_auth_httplib2] INFO: Refreshing credentials due to a 401 response. Attempt 1/2.
2026-02-25 13:00:28: 2026-02-25 13:00:28 [YouTubeWatcher] INFO: Watching channel: Shumaila Siddiqui (UCVOB3i5IeuVHIKURDwFEkSA)
2026-02-25 13:00:28: 2026-02-25 13:00:28 [YouTubeWatcher] INFO: Starting YouTubeWatcher (interval: 300s, vault: /mnt/d/AI_Employee_Vault/AI_Employee_Vault, circuit: CLOSED, queued: 0)
2026-02-25 23:46:07: 2026-02-25 23:46:07 [error_recovery] WARNING: [YouTube.search.list] attempt 1/3 failed (TimeoutError: The read operation timed out) — retrying in 9.6s
2026-02-26 00:04:50: Traceback (most recent call last):
2026-02-26 00:04:50:   File "/mnt/d/AI_Employee_Vault/AI_Employee_Vault/youtube_watcher.py", line 254, in <module>
2026-02-26 00:04:50:     main()
2026-02-26 00:04:50:     ~~~~^^
2026-02-26 00:04:50:   File "/mnt/d/AI_Employee_Vault/AI_Employee_Vault/youtube_watcher.py", line 250, in main
2026-02-26 00:04:50:     watcher.run()
2026-02-26 00:04:50:     ~~~~~~~~~~~^^
2026-02-26 00:04:50:   File "/mnt/d/AI_Employee_Vault/AI_Employee_Vault/base_watcher.py", line 171, in run
2026-02-26 00:04:50:     time.sleep(self.check_interval)
2026-02-26 00:04:50:     ~~~~~~~~~~^^^^^^^^^^^^^^^^^^^^^
2026-02-26 00:04:50: KeyboardInterrupt
2026-02-26 00:05:55: 2026-02-26 00:05:55 [googleapiclient.discovery_cache] INFO: file_cache is only supported with oauth2client<4.0.0
2026-02-26 00:05:58: 2026-02-26 00:05:58 [google_auth_httplib2] INFO: Refreshing credentials due to a 401 response. Attempt 1/2.
2026-02-26 00:06:00: 2026-02-26 00:06:00 [YouTubeWatcher] INFO: Watching channel: Shumaila Siddiqui (UCVOB3i5IeuVHIKURDwFEkSA)
2026-02-26 00:06:01: 2026-02-26 00:06:01 [YouTubeWatcher] INFO: Starting YouTubeWatcher (interval: 300s, vault: /mnt/d/AI_Employee_Vault/AI_Employee_Vault, circuit: CLOSED, queued: 0)
2026-02-26 09:43:15: 2026-02-26 09:43:12 [error_recovery] WARNING: [YouTube.search.list] attempt 1/3 failed (TimeoutError: The read operation timed out) — retrying in 10.1s
2026-02-26 10:59:33: 2026-02-26 10:59:33 [error_recovery] WARNING: [YouTube.search.list] attempt 1/3 failed (TimeoutError: The read operation timed out) — retrying in 9.8s
2026-02-26 12:50:07: 2026-02-26 12:50:07 [error_recovery] WARNING: [YouTube.search.list] attempt 1/3 failed (TimeoutError: The read operation timed out) — retrying in 10.0s
2026-02-26 12:56:19: 2026-02-26 12:56:19 [error_recovery] WARNING: [YouTube.search.list] attempt 1/3 failed (TimeoutError: The read operation timed out) — retrying in 9.6s
2026-02-26 16:15:16: 2026-02-26 16:15:16 [error_recovery] WARNING: [YouTube.search.list] attempt 1/3 failed (TimeoutError: The read operation timed out) — retrying in 10.2s
2026-02-26 16:16:28: 2026-02-26 16:16:28 [error_recovery] WARNING: [YouTube.search.list] attempt 2/3 failed (TimeoutError: The read operation timed out) — retrying in 20.4s
2026-02-26 20:14:28: 2026-02-26 20:14:28 [error_recovery] WARNING: [YouTube.search.list] attempt 1/3 failed (TimeoutError: The read operation timed out) — retrying in 9.5s
2026-02-26 20:15:41: 2026-02-26 20:15:41 [error_recovery] WARNING: [YouTube.search.list] attempt 2/3 failed (TimeoutError: The read operation timed out) — retrying in 19.6s
2026-02-27 09:44:41: 2026-02-27 09:44:26 [error_recovery] WARNING: [YouTube.search.list] attempt 1/3 failed (gaierror: [Errno -3] Temporary failure in name resolution) — retrying in 9.5s
2026-02-27 11:01:14: 2026-02-27 11:01:14 [googleapiclient.discovery_cache] INFO: file_cache is only supported with oauth2client<4.0.0
2026-02-27 14:01:38: 2026-02-27 14:01:38 [google_auth_httplib2] INFO: Refreshing credentials due to a 401 response. Attempt 1/2.
2026-02-27 14:01:40: 2026-02-27 14:01:40 [YouTubeWatcher] INFO: Watching channel: Shumaila Siddiqui (UCVOB3i5IeuVHIKURDwFEkSA)
2026-02-27 14:01:40: 2026-02-27 14:01:40 [YouTubeWatcher] INFO: Starting YouTubeWatcher (interval: 300s, vault: /mnt/d/AI_Employee_Vault/AI_Employee_Vault, circuit: CLOSED, queued: 0)
2026-02-27 23:50:51: 2026-02-27 23:50:51 [error_recovery] WARNING: [YouTube.search.list] attempt 1/3 failed (TimeoutError: The read operation timed out) — retrying in 9.7s
2026-02-27 23:52:15: 2026-02-27 23:52:15 [error_recovery] WARNING: [YouTube.search.list] attempt 2/3 failed (TimeoutError: The read operation timed out) — retrying in 19.6s
2026-02-28 10:31:31: 2026-02-28 10:30:39 [error_recovery] WARNING: [YouTube.search.list] attempt 1/3 failed (TimeoutError: The read operation timed out) — retrying in 10.1s
2026-03-03 02:08:46: 2026-03-03 02:08:28 [error_recovery] WARNING: [YouTube.search.list] attempt 1/3 failed (TimeoutError: The read operation timed out) — retrying in 9.9s
2026-03-03 02:15:03: 2026-03-03 02:15:02 [error_recovery] WARNING: [YouTube.search.list] attempt 2/3 failed (TransportError: Unable to find the server at oauth2.googleapis.com) — retrying in 19.6s
2026-03-03 02:15:28: 2026-03-03 02:15:28 [error_recovery] ERROR: [YouTube.search.list] failed after 3 attempt(s): ('invalid_grant: Token has been expired or revoked.', {'error': 'invalid_grant', 'error_description': 'Token has been expired or revoked.'})
2026-03-03 02:21:02: 2026-03-03 02:21:02 [error_recovery] WARNING: [YouTube.search.list] attempt 1/3 failed (RefreshError: ('invalid_grant: Token has been expired or revoked.', {'error': 'invalid_grant', 'error_description': 'Token has been ex) — retrying in 10.0s
2026-03-03 02:21:13: 2026-03-03 02:21:13 [error_recovery] WARNING: [YouTube.search.list] attempt 2/3 failed (RefreshError: ('invalid_grant: Token has been expired or revoked.', {'error': 'invalid_grant', 'error_description': 'Token has been ex) — retrying in 20.4s
2026-03-03 02:21:39: 2026-03-03 02:21:38 [error_recovery] ERROR: [YouTube.search.list] failed after 3 attempt(s): ('invalid_grant: Token has been expired or revoked.', {'error': 'invalid_grant', 'error_description': 'Token has been expired or revoked.'})
2026-03-03 02:26:46: 2026-03-03 02:26:46 [error_recovery] WARNING: [YouTube.search.list] attempt 1/3 failed (RefreshError: ('invalid_grant: Token has been expired or revoked.', {'error': 'invalid_grant', 'error_description': 'Token has been ex) — retrying in 9.9s
2026-03-03 02:26:56: 2026-03-03 02:26:56 [error_recovery] WARNING: [YouTube.search.list] attempt 2/3 failed (RefreshError: ('invalid_grant: Bad Request', {'error': 'invalid_grant', 'error_description': 'Bad Request'})) — retrying in 20.5s
2026-03-03 02:27:17: 2026-03-03 02:27:17 [error_recovery] ERROR: [YouTube.search.list] failed after 3 attempt(s): ('invalid_grant: Bad Request', {'error': 'invalid_grant', 'error_description': 'Bad Request'})
2026-03-03 02:32:18: 2026-03-03 02:32:18 [error_recovery] WARNING: [YouTube.search.list] attempt 1/3 failed (RefreshError: ('invalid_grant: Token has been expired or revoked.', {'error': 'invalid_grant', 'error_description': 'Token has been ex) — retrying in 10.4s
2026-03-03 02:32:29: 2026-03-03 02:32:29 [error_recovery] WARNING: [YouTube.search.list] attempt 2/3 failed (RefreshError: ('invalid_grant: Token has been expired or revoked.', {'error': 'invalid_grant', 'error_description': 'Token has been ex) — retrying in 19.6s
2026-03-03 02:32:50: 2026-03-03 02:32:50 [error_recovery] ERROR: [YouTube.search.list] failed after 3 attempt(s): ('invalid_grant: Bad Request', {'error': 'invalid_grant', 'error_description': 'Bad Request'})
2026-03-03 02:38:51: 2026-03-03 02:38:51 [error_recovery] WARNING: [YouTube.search.list] attempt 1/3 failed (TimeoutError: The read operation timed out) — retrying in 10.2s
2026-03-03 02:39:03: 2026-03-03 02:39:03 [error_recovery] WARNING: [YouTube.search.list] attempt 2/3 failed (RefreshError: ('invalid_grant: Token has been expired or revoked.', {'error': 'invalid_grant', 'error_description': 'Token has been ex) — retrying in 20.2s
2026-03-03 02:39:23: 2026-03-03 02:39:23 [error_recovery] ERROR: [YouTube.search.list] failed after 3 attempt(s): ('invalid_grant: Token has been expired or revoked.', {'error': 'invalid_grant', 'error_description': 'Token has been expired or revoked.'})
2026-03-03 02:44:27: 2026-03-03 02:44:27 [error_recovery] WARNING: [YouTube.search.list] attempt 1/3 failed (RefreshError: ('invalid_grant: Token has been expired or revoked.', {'error': 'invalid_grant', 'error_description': 'Token has been ex) — retrying in 10.5s
2026-03-03 02:44:37: 2026-03-03 02:44:37 [error_recovery] WARNING: [YouTube.search.list] attempt 2/3 failed (RefreshError: ('invalid_grant: Token has been expired or revoked.', {'error': 'invalid_grant', 'error_description': 'Token has been ex) — retrying in 19.6s
2026-03-03 02:44:57: 2026-03-03 02:44:57 [error_recovery] ERROR: [YouTube.search.list] failed after 3 attempt(s): ('invalid_grant: Token has been expired or revoked.', {'error': 'invalid_grant', 'error_description': 'Token has been expired or revoked.'})
2026-03-03 02:50:03: 2026-03-03 02:50:03 [error_recovery] WARNING: [YouTube.search.list] attempt 1/3 failed (RefreshError: ('invalid_grant: Token has been expired or revoked.', {'error': 'invalid_grant', 'error_description': 'Token has been ex) — retrying in 10.0s
2026-03-03 02:50:13: 2026-03-03 02:50:13 [error_recovery] WARNING: [YouTube.search.list] attempt 2/3 failed (RefreshError: ('invalid_grant: Token has been expired or revoked.', {'error': 'invalid_grant', 'error_description': 'Token has been ex) — retrying in 20.3s
2026-03-03 02:50:34: 2026-03-03 02:50:34 [error_recovery] ERROR: [YouTube.search.list] failed after 3 attempt(s): ('invalid_grant: Token has been expired or revoked.', {'error': 'invalid_grant', 'error_description': 'Token has been expired or revoked.'})
2026-03-03 02:55:36: 2026-03-03 02:55:36 [error_recovery] WARNING: [YouTube.search.list] attempt 1/3 failed (RefreshError: ('invalid_grant: Token has been expired or revoked.', {'error': 'invalid_grant', 'error_description': 'Token has been ex) — retrying in 9.7s
2026-03-03 02:55:46: 2026-03-03 02:55:46 [error_recovery] WARNING: [YouTube.search.list] attempt 2/3 failed (RefreshError: ('invalid_grant: Bad Request', {'error': 'invalid_grant', 'error_description': 'Bad Request'})) — retrying in 19.6s
2026-03-03 02:56:06: 2026-03-03 02:56:06 [error_recovery] ERROR: [YouTube.search.list] failed after 3 attempt(s): ('invalid_grant: Token has been expired or revoked.', {'error': 'invalid_grant', 'error_description': 'Token has been expired or revoked.'})
2026-03-03 03:01:09: 2026-03-03 03:01:09 [error_recovery] WARNING: [YouTube.search.list] attempt 1/3 failed (BrokenPipeError: [Errno 32] Broken pipe) — retrying in 9.7s
2026-03-03 03:01:19: 2026-03-03 03:01:19 [error_recovery] WARNING: [YouTube.search.list] attempt 2/3 failed (RefreshError: ('invalid_grant: Token has been expired or revoked.', {'error': 'invalid_grant', 'error_description': 'Token has been ex) — retrying in 20.5s
2026-03-03 03:01:40: 2026-03-03 03:01:40 [error_recovery] ERROR: [YouTube.search.list] failed after 3 attempt(s): ('invalid_grant: Bad Request', {'error': 'invalid_grant', 'error_description': 'Bad Request'})
2026-03-03 03:06:43: 2026-03-03 03:06:43 [error_recovery] WARNING: [YouTube.search.list] attempt 1/3 failed (RefreshError: ('invalid_grant: Token has been expired or revoked.', {'error': 'invalid_grant', 'error_description': 'Token has been ex) — retrying in 10.1s
2026-03-03 03:06:53: 2026-03-03 03:06:53 [error_recovery] WARNING: [YouTube.search.list] attempt 2/3 failed (RefreshError: ('invalid_grant: Bad Request', {'error': 'invalid_grant', 'error_description': 'Bad Request'})) — retrying in 20.2s
2026-03-03 03:07:14: 2026-03-03 03:07:14 [error_recovery] ERROR: [YouTube.search.list] failed after 3 attempt(s): ('invalid_grant: Token has been expired or revoked.', {'error': 'invalid_grant', 'error_description': 'Token has been expired or revoked.'})
2026-03-03 03:12:16: 2026-03-03 03:12:16 [error_recovery] WARNING: [YouTube.search.list] attempt 1/3 failed (RefreshError: ('invalid_grant: Token has been expired or revoked.', {'error': 'invalid_grant', 'error_description': 'Token has been ex) — retrying in 9.8s
2026-03-03 03:12:26: 2026-03-03 03:12:26 [error_recovery] WARNING: [YouTube.search.list] attempt 2/3 failed (RefreshError: ('invalid_grant: Token has been expired or revoked.', {'error': 'invalid_grant', 'error_description': 'Token has been ex) — retrying in 19.7s
2026-03-03 03:12:46: 2026-03-03 03:12:46 [error_recovery] ERROR: [YouTube.search.list] failed after 3 attempt(s): ('invalid_grant: Token has been expired or revoked.', {'error': 'invalid_grant', 'error_description': 'Token has been expired or revoked.'})
2026-03-03 03:17:49: 2026-03-03 03:17:49 [error_recovery] WARNING: [YouTube.search.list] attempt 1/3 failed (RefreshError: ('invalid_grant: Bad Request', {'error': 'invalid_grant', 'error_description': 'Bad Request'})) — retrying in 10.0s
2026-03-03 03:18:00: 2026-03-03 03:18:00 [error_recovery] WARNING: [YouTube.search.list] attempt 2/3 failed (RefreshError: ('invalid_grant: Token has been expired or revoked.', {'error': 'invalid_grant', 'error_description': 'Token has been ex) — retrying in 19.7s
2026-03-03 03:18:20: 2026-03-03 03:18:20 [error_recovery] ERROR: [YouTube.search.list] failed after 3 attempt(s): ('invalid_grant: Token has been expired or revoked.', {'error': 'invalid_grant', 'error_description': 'Token has been expired or revoked.'})
2026-03-03 03:23:22: 2026-03-03 03:23:22 [error_recovery] WARNING: [YouTube.search.list] attempt 1/3 failed (RefreshError: ('invalid_grant: Token has been expired or revoked.', {'error': 'invalid_grant', 'error_description': 'Token has been ex) — retrying in 9.8s
2026-03-03 03:23:32: 2026-03-03 03:23:32 [error_recovery] WARNING: [YouTube.search.list] attempt 2/3 failed (RefreshError: ('invalid_grant: Bad Request', {'error': 'invalid_grant', 'error_description': 'Bad Request'})) — retrying in 20.0s
2026-03-03 03:23:52: 2026-03-03 03:23:52 [error_recovery] ERROR: [YouTube.search.list] failed after 3 attempt(s): ('invalid_grant: Token has been expired or revoked.', {'error': 'invalid_grant', 'error_description': 'Token has been expired or revoked.'})
2026-03-03 03:28:55: 2026-03-03 03:28:55 [error_recovery] WARNING: [YouTube.search.list] attempt 1/3 failed (RefreshError: ('invalid_grant: Bad Request', {'error': 'invalid_grant', 'error_description': 'Bad Request'})) — retrying in 10.5s
2026-03-03 03:29:06: 2026-03-03 03:29:06 [error_recovery] WARNING: [YouTube.search.list] attempt 2/3 failed (RefreshError: ('invalid_grant: Bad Request', {'error': 'invalid_grant', 'error_description': 'Bad Request'})) — retrying in 19.8s
2026-03-05 23:04:42: 2026-03-05 23:04:47 [error_recovery] ERROR: [YouTube.search.list] failed after 3 attempt(s): The read operation timed out
2026-03-05 23:12:52: 2026-03-05 23:12:52 [error_recovery] WARNING: [YouTube.search.list] attempt 1/3 failed (RefreshError: ('invalid_grant: Token has been expired or revoked.', {'error': 'invalid_grant', 'error_description': 'Token has been ex) — retrying in 9.8s
2026-03-05 23:13:03: 2026-03-05 23:13:03 [error_recovery] WARNING: [YouTube.search.list] attempt 2/3 failed (RefreshError: ('invalid_grant: Token has been expired or revoked.', {'error': 'invalid_grant', 'error_description': 'Token has been ex) — retrying in 20.4s
2026-03-05 23:13:33: 2026-03-05 23:13:33 [error_recovery] ERROR: [YouTube.search.list] failed after 3 attempt(s): ('invalid_grant: Token has been expired or revoked.', {'error': 'invalid_grant', 'error_description': 'Token has been expired or revoked.'})
2026-03-05 23:18:40: 2026-03-05 23:18:40 [error_recovery] WARNING: [YouTube.search.list] attempt 1/3 failed (RefreshError: ('invalid_grant: Token has been expired or revoked.', {'error': 'invalid_grant', 'error_description': 'Token has been ex) — retrying in 9.9s
2026-03-05 23:18:50: 2026-03-05 23:18:50 [error_recovery] WARNING: [YouTube.search.list] attempt 2/3 failed (RefreshError: ('invalid_grant: Token has been expired or revoked.', {'error': 'invalid_grant', 'error_description': 'Token has been ex) — retrying in 20.5s
2026-03-05 23:19:11: 2026-03-05 23:19:11 [error_recovery] ERROR: [YouTube.search.list] failed after 3 attempt(s): ('invalid_grant: Token has been expired or revoked.', {'error': 'invalid_grant', 'error_description': 'Token has been expired or revoked.'})
2026-03-05 23:24:15: 2026-03-05 23:24:15 [error_recovery] WARNING: [YouTube.search.list] attempt 1/3 failed (RefreshError: ('invalid_grant: Token has been expired or revoked.', {'error': 'invalid_grant', 'error_description': 'Token has been ex) — retrying in 10.0s
2026-03-05 23:24:40: 2026-03-05 23:24:25 [error_recovery] WARNING: [YouTube.search.list] attempt 2/3 failed (RefreshError: ('invalid_grant: Token has been expired or revoked.', {'error': 'invalid_grant', 'error_description': 'Token has been ex) — retrying in 19.8s
2026-03-05 23:24:48: 2026-03-05 23:24:45 [error_recovery] ERROR: [YouTube.search.list] failed after 3 attempt(s): ('invalid_grant: Token has been expired or revoked.', {'error': 'invalid_grant', 'error_description': 'Token has been expired or revoked.'})
2026-03-05 23:29:49: 2026-03-05 23:29:49 [error_recovery] WARNING: [YouTube.search.list] attempt 1/3 failed (RefreshError: ('invalid_grant: Token has been expired or revoked.', {'error': 'invalid_grant', 'error_description': 'Token has been ex) — retrying in 10.4s
2026-03-05 23:29:59: 2026-03-05 23:29:59 [error_recovery] WARNING: [YouTube.search.list] attempt 2/3 failed (RefreshError: ('invalid_grant: Token has been expired or revoked.', {'error': 'invalid_grant', 'error_description': 'Token has been ex) — retrying in 19.8s
2026-03-05 23:30:21: 2026-03-05 23:30:21 [error_recovery] ERROR: [YouTube.search.list] failed after 3 attempt(s): ('invalid_grant: Token has been expired or revoked.', {'error': 'invalid_grant', 'error_description': 'Token has been expired or revoked.'})
2026-03-05 23:35:24: 2026-03-05 23:35:24 [error_recovery] WARNING: [YouTube.search.list] attempt 1/3 failed (RefreshError: ('invalid_grant: Token has been expired or revoked.', {'error': 'invalid_grant', 'error_description': 'Token has been ex) — retrying in 9.8s
2026-03-05 23:35:34: 2026-03-05 23:35:34 [error_recovery] WARNING: [YouTube.search.list] attempt 2/3 failed (RefreshError: ('invalid_grant: Token has been expired or revoked.', {'error': 'invalid_grant', 'error_description': 'Token has been ex) — retrying in 20.3s
2026-03-05 23:35:55: 2026-03-05 23:35:55 [error_recovery] ERROR: [YouTube.search.list] failed after 3 attempt(s): ('invalid_grant: Token has been expired or revoked.', {'error': 'invalid_grant', 'error_description': 'Token has been expired or revoked.'})
2026-03-05 23:40:57: 2026-03-05 23:40:57 [error_recovery] WARNING: [YouTube.search.list] attempt 1/3 failed (RefreshError: ('invalid_grant: Token has been expired or revoked.', {'error': 'invalid_grant', 'error_description': 'Token has been ex) — retrying in 10.0s
2026-03-05 23:41:07: 2026-03-05 23:41:07 [error_recovery] WARNING: [YouTube.search.list] attempt 2/3 failed (RefreshError: ('invalid_grant: Token has been expired or revoked.', {'error': 'invalid_grant', 'error_description': 'Token has been ex) — retrying in 20.5s
2026-03-05 23:41:39: 2026-03-05 23:41:33 [error_recovery] ERROR: [YouTube.search.list] failed after 3 attempt(s): ('invalid_grant: Token has been expired or revoked.', {'error': 'invalid_grant', 'error_description': 'Token has been expired or revoked.'})
2026-03-05 23:46:47: 2026-03-05 23:46:36 [error_recovery] WARNING: [YouTube.search.list] attempt 1/3 failed (RefreshError: ('invalid_grant: Token has been expired or revoked.', {'error': 'invalid_grant', 'error_description': 'Token has been ex) — retrying in 9.7s
2026-03-05 23:46:47: 2026-03-05 23:46:46 [error_recovery] WARNING: [YouTube.search.list] attempt 2/3 failed (RefreshError: ('invalid_grant: Token has been expired or revoked.', {'error': 'invalid_grant', 'error_description': 'Token has been ex) — retrying in 19.9s
2026-03-05 23:47:07: 2026-03-05 23:47:07 [error_recovery] ERROR: [YouTube.search.list] failed after 3 attempt(s): ('invalid_grant: Token has been expired or revoked.', {'error': 'invalid_grant', 'error_description': 'Token has been expired or revoked.'})
2026-03-05 23:52:15: 2026-03-05 23:52:15 [error_recovery] WARNING: [YouTube.search.list] attempt 1/3 failed (RefreshError: ('invalid_grant: Token has been expired or revoked.', {'error': 'invalid_grant', 'error_description': 'Token has been ex) — retrying in 9.7s
2026-03-05 23:52:25: 2026-03-05 23:52:25 [error_recovery] WARNING: [YouTube.search.list] attempt 2/3 failed (RefreshError: ('invalid_grant: Token has been expired or revoked.', {'error': 'invalid_grant', 'error_description': 'Token has been ex) — retrying in 20.4s
2026-03-05 23:52:46: 2026-03-05 23:52:46 [error_recovery] ERROR: [YouTube.search.list] failed after 3 attempt(s): ('invalid_grant: Token has been expired or revoked.', {'error': 'invalid_grant', 'error_description': 'Token has been expired or revoked.'})
2026-03-05 23:57:48: 2026-03-05 23:57:48 [error_recovery] WARNING: [YouTube.search.list] attempt 1/3 failed (RefreshError: ('invalid_grant: Token has been expired or revoked.', {'error': 'invalid_grant', 'error_description': 'Token has been ex) — retrying in 9.8s
2026-03-05 23:57:58: 2026-03-05 23:57:58 [error_recovery] WARNING: [YouTube.search.list] attempt 2/3 failed (RefreshError: ('invalid_grant: Token has been expired or revoked.', {'error': 'invalid_grant', 'error_description': 'Token has been ex) — retrying in 20.0s
2026-03-05 23:58:18: 2026-03-05 23:58:18 [error_recovery] ERROR: [YouTube.search.list] failed after 3 attempt(s): ('invalid_grant: Token has been expired or revoked.', {'error': 'invalid_grant', 'error_description': 'Token has been expired or revoked.'})
2026-03-06 00:03:20: 2026-03-06 00:03:20 [error_recovery] WARNING: [YouTube.search.list] attempt 1/3 failed (RefreshError: ('invalid_grant: Token has been expired or revoked.', {'error': 'invalid_grant', 'error_description': 'Token has been ex) — retrying in 10.3s
2026-03-06 00:03:31: 2026-03-06 00:03:31 [error_recovery] WARNING: [YouTube.search.list] attempt 2/3 failed (RefreshError: ('invalid_grant: Token has been expired or revoked.', {'error': 'invalid_grant', 'error_description': 'Token has been ex) — retrying in 19.8s
2026-03-06 00:03:51: 2026-03-06 00:03:51 [error_recovery] ERROR: [YouTube.search.list] failed after 3 attempt(s): ('invalid_grant: Token has been expired or revoked.', {'error': 'invalid_grant', 'error_description': 'Token has been expired or revoked.'})
2026-03-06 00:08:57: 2026-03-06 00:08:57 [error_recovery] WARNING: [YouTube.search.list] attempt 1/3 failed (RefreshError: ('invalid_grant: Token has been expired or revoked.', {'error': 'invalid_grant', 'error_description': 'Token has been ex) — retrying in 10.3s
2026-03-06 00:09:08: 2026-03-06 00:09:08 [error_recovery] WARNING: [YouTube.search.list] attempt 2/3 failed (RefreshError: ('invalid_grant: Token has been expired or revoked.', {'error': 'invalid_grant', 'error_description': 'Token has been ex) — retrying in 20.4s
2026-03-06 00:09:28: 2026-03-06 00:09:28 [error_recovery] ERROR: [YouTube.search.list] failed after 3 attempt(s): ('invalid_grant: Token has been expired or revoked.', {'error': 'invalid_grant', 'error_description': 'Token has been expired or revoked.'})
2026-03-06 00:14:30: 2026-03-06 00:14:30 [error_recovery] WARNING: [YouTube.search.list] attempt 1/3 failed (RefreshError: ('invalid_grant: Token has been expired or revoked.', {'error': 'invalid_grant', 'error_description': 'Token has been ex) — retrying in 10.3s
2026-03-06 00:14:49: 2026-03-06 00:14:41 [error_recovery] WARNING: [YouTube.search.list] attempt 2/3 failed (RefreshError: ('invalid_grant: Token has been expired or revoked.', {'error': 'invalid_grant', 'error_description': 'Token has been ex) — retrying in 19.6s
2026-03-06 00:15:01: 2026-03-06 00:15:01 [error_recovery] ERROR: [YouTube.search.list] failed after 3 attempt(s): ('invalid_grant: Token has been expired or revoked.', {'error': 'invalid_grant', 'error_description': 'Token has been expired or revoked.'})
2026-03-06 00:20:03: 2026-03-06 00:20:03 [error_recovery] WARNING: [YouTube.search.list] attempt 1/3 failed (RefreshError: ('invalid_grant: Token has been expired or revoked.', {'error': 'invalid_grant', 'error_description': 'Token has been ex) — retrying in 9.7s
2026-03-06 00:20:13: 2026-03-06 00:20:13 [error_recovery] WARNING: [YouTube.search.list] attempt 2/3 failed (RefreshError: ('invalid_grant: Token has been expired or revoked.', {'error': 'invalid_grant', 'error_description': 'Token has been ex) — retrying in 20.0s
2026-03-06 00:20:33: 2026-03-06 00:20:33 [error_recovery] ERROR: [YouTube.search.list] failed after 3 attempt(s): ('invalid_grant: Token has been expired or revoked.', {'error': 'invalid_grant', 'error_description': 'Token has been expired or revoked.'})
2026-03-06 00:25:38: 2026-03-06 00:25:38 [error_recovery] WARNING: [YouTube.search.list] attempt 1/3 failed (RefreshError: ('invalid_grant: Token has been expired or revoked.', {'error': 'invalid_grant', 'error_description': 'Token has been ex) — retrying in 10.5s
2026-03-06 00:26:01: 2026-03-06 00:26:01 [error_recovery] WARNING: [YouTube.search.list] attempt 2/3 failed (RefreshError: ('invalid_grant: Token has been expired or revoked.', {'error': 'invalid_grant', 'error_description': 'Token has been ex) — retrying in 20.1s
2026-03-06 00:26:22: 2026-03-06 00:26:22 [error_recovery] ERROR: [YouTube.search.list] failed after 3 attempt(s): ('invalid_grant: Token has been expired or revoked.', {'error': 'invalid_grant', 'error_description': 'Token has been expired or revoked.'})
2026-03-06 00:31:30: 2026-03-06 00:31:30 [error_recovery] WARNING: [YouTube.search.list] attempt 1/3 failed (RefreshError: ('invalid_grant: Token has been expired or revoked.', {'error': 'invalid_grant', 'error_description': 'Token has been ex) — retrying in 9.9s
2026-03-06 00:31:41: 2026-03-06 00:31:41 [error_recovery] WARNING: [YouTube.search.list] attempt 2/3 failed (RefreshError: ('invalid_grant: Token has been expired or revoked.', {'error': 'invalid_grant', 'error_description': 'Token has been ex) — retrying in 20.0s
2026-03-06 00:32:06: 2026-03-06 00:32:04 [error_recovery] ERROR: [YouTube.search.list] failed after 3 attempt(s): ('invalid_grant: Token has been expired or revoked.', {'error': 'invalid_grant', 'error_description': 'Token has been expired or revoked.'})
2026-03-06 00:37:08: 2026-03-06 00:37:08 [error_recovery] WARNING: [YouTube.search.list] attempt 1/3 failed (RefreshError: ('invalid_grant: Token has been expired or revoked.', {'error': 'invalid_grant', 'error_description': 'Token has been ex) — retrying in 9.5s
2026-03-06 00:37:18: 2026-03-06 00:37:18 [error_recovery] WARNING: [YouTube.search.list] attempt 2/3 failed (RefreshError: ('invalid_grant: Token has been expired or revoked.', {'error': 'invalid_grant', 'error_description': 'Token has been ex) — retrying in 20.2s
2026-03-06 00:37:38: 2026-03-06 00:37:38 [error_recovery] ERROR: [YouTube.search.list] failed after 3 attempt(s): ('invalid_grant: Token has been expired or revoked.', {'error': 'invalid_grant', 'error_description': 'Token has been expired or revoked.'})
2026-03-06 00:42:43: 2026-03-06 00:42:40 [error_recovery] WARNING: [YouTube.search.list] attempt 1/3 failed (RefreshError: ('invalid_grant: Token has been expired or revoked.', {'error': 'invalid_grant', 'error_description': 'Token has been ex) — retrying in 9.8s
2026-03-06 00:42:50: 2026-03-06 00:42:50 [error_recovery] WARNING: [YouTube.search.list] attempt 2/3 failed (RefreshError: ('invalid_grant: Token has been expired or revoked.', {'error': 'invalid_grant', 'error_description': 'Token has been ex) — retrying in 20.4s
2026-03-06 00:43:13: 2026-03-06 00:43:11 [error_recovery] ERROR: [YouTube.search.list] failed after 3 attempt(s): ('invalid_grant: Token has been expired or revoked.', {'error': 'invalid_grant', 'error_description': 'Token has been expired or revoked.'})
2026-03-06 00:48:13: 2026-03-06 00:48:13 [error_recovery] WARNING: [YouTube.search.list] attempt 1/3 failed (RefreshError: ('invalid_grant: Token has been expired or revoked.', {'error': 'invalid_grant', 'error_description': 'Token has been ex) — retrying in 10.4s
2026-03-06 00:48:25: 2026-03-06 00:48:25 [error_recovery] WARNING: [YouTube.search.list] attempt 2/3 failed (RefreshError: ('invalid_grant: Token has been expired or revoked.', {'error': 'invalid_grant', 'error_description': 'Token has been ex) — retrying in 19.7s
2026-03-06 00:48:45: 2026-03-06 00:48:45 [error_recovery] ERROR: [YouTube.search.list] failed after 3 attempt(s): ('invalid_grant: Token has been expired or revoked.', {'error': 'invalid_grant', 'error_description': 'Token has been expired or revoked.'})
2026-03-06 00:53:47: 2026-03-06 00:53:47 [error_recovery] WARNING: [YouTube.search.list] attempt 1/3 failed (RefreshError: ('invalid_grant: Token has been expired or revoked.', {'error': 'invalid_grant', 'error_description': 'Token has been ex) — retrying in 9.9s
2026-03-06 00:53:57: 2026-03-06 00:53:57 [error_recovery] WARNING: [YouTube.search.list] attempt 2/3 failed (RefreshError: ('invalid_grant: Token has been expired or revoked.', {'error': 'invalid_grant', 'error_description': 'Token has been ex) — retrying in 20.4s
2026-03-06 00:54:18: 2026-03-06 00:54:18 [error_recovery] ERROR: [YouTube.search.list] failed after 3 attempt(s): ('invalid_grant: Token has been expired or revoked.', {'error': 'invalid_grant', 'error_description': 'Token has been expired or revoked.'})
2026-03-06 00:59:19: 2026-03-06 00:59:19 [error_recovery] WARNING: [YouTube.search.list] attempt 1/3 failed (RefreshError: ('invalid_grant: Token has been expired or revoked.', {'error': 'invalid_grant', 'error_description': 'Token has been ex) — retrying in 9.6s
2026-03-06 00:59:29: 2026-03-06 00:59:29 [error_recovery] WARNING: [YouTube.search.list] attempt 2/3 failed (RefreshError: ('invalid_grant: Token has been expired or revoked.', {'error': 'invalid_grant', 'error_description': 'Token has been ex) — retrying in 19.9s
2026-03-06 00:59:49: 2026-03-06 00:59:49 [error_recovery] ERROR: [YouTube.search.list] failed after 3 attempt(s): ('invalid_grant: Token has been expired or revoked.', {'error': 'invalid_grant', 'error_description': 'Token has been expired or revoked.'})
2026-03-06 23:56:00: 2026-03-06 23:56:00 [error_recovery] WARNING: [YouTube.search.list] attempt 1/3 failed (TimeoutError: The read operation timed out) — retrying in 10.0s
2026-03-07 00:01:50: 2026-03-07 00:01:50 [error_recovery] WARNING: [YouTube.search.list] attempt 2/3 failed (RefreshError: ('invalid_grant: Token has been expired or revoked.', {'error': 'invalid_grant', 'error_description': 'Token has been ex) — retrying in 19.8s
2026-03-07 00:02:11: 2026-03-07 00:02:11 [error_recovery] ERROR: [YouTube.search.list] failed after 3 attempt(s): ('invalid_grant: Token has been expired or revoked.', {'error': 'invalid_grant', 'error_description': 'Token has been expired or revoked.'})
2026-03-07 00:07:26: 2026-03-07 00:07:26 [error_recovery] WARNING: [YouTube.search.list] attempt 1/3 failed (RefreshError: ('invalid_grant: Token has been expired or revoked.', {'error': 'invalid_grant', 'error_description': 'Token has been ex) — retrying in 10.5s
2026-03-07 00:07:42: 2026-03-07 00:07:41 [error_recovery] WARNING: [YouTube.search.list] attempt 2/3 failed (RefreshError: ('invalid_grant: Token has been expired or revoked.', {'error': 'invalid_grant', 'error_description': 'Token has been ex) — retrying in 19.7s
2026-03-07 00:08:07: 2026-03-07 00:08:07 [error_recovery] ERROR: [YouTube.search.list] failed after 3 attempt(s): ('invalid_grant: Token has been expired or revoked.', {'error': 'invalid_grant', 'error_description': 'Token has been expired or revoked.'})
2026-03-07 00:13:29: 2026-03-07 00:13:18 [error_recovery] WARNING: [YouTube.search.list] attempt 1/3 failed (RefreshError: ('invalid_grant: Token has been expired or revoked.', {'error': 'invalid_grant', 'error_description': 'Token has been ex) — retrying in 9.7s
2026-03-07 00:13:29: 2026-03-07 00:13:29 [error_recovery] WARNING: [YouTube.search.list] attempt 2/3 failed (RefreshError: ('invalid_grant: Token has been expired or revoked.', {'error': 'invalid_grant', 'error_description': 'Token has been ex) — retrying in 19.9s
2026-03-07 00:13:52: 2026-03-07 00:13:52 [error_recovery] ERROR: [YouTube.search.list] failed after 3 attempt(s): ('invalid_grant: Token has been expired or revoked.', {'error': 'invalid_grant', 'error_description': 'Token has been expired or revoked.'})
2026-03-07 00:19:06: 2026-03-07 00:19:06 [error_recovery] WARNING: [YouTube.search.list] attempt 1/3 failed (RefreshError: ('invalid_grant: Token has been expired or revoked.', {'error': 'invalid_grant', 'error_description': 'Token has been ex) — retrying in 9.6s
2026-03-07 00:19:17: 2026-03-07 00:19:17 [error_recovery] WARNING: [YouTube.search.list] attempt 2/3 failed (RefreshError: ('invalid_grant: Token has been expired or revoked.', {'error': 'invalid_grant', 'error_description': 'Token has been ex) — retrying in 20.2s
2026-03-07 00:19:43: 2026-03-07 00:19:41 [error_recovery] ERROR: [YouTube.search.list] failed after 3 attempt(s): ('invalid_grant: Token has been expired or revoked.', {'error': 'invalid_grant', 'error_description': 'Token has been expired or revoked.'})
2026-03-07 00:25:12: 2026-03-07 00:25:10 [error_recovery] WARNING: [YouTube.search.list] attempt 1/3 failed (RefreshError: ('invalid_grant: Token has been expired or revoked.', {'error': 'invalid_grant', 'error_description': 'Token has been ex) — retrying in 10.1s
2026-03-07 00:25:20: 2026-03-07 00:25:20 [error_recovery] WARNING: [YouTube.search.list] attempt 2/3 failed (RefreshError: ('invalid_grant: Token has been expired or revoked.', {'error': 'invalid_grant', 'error_description': 'Token has been ex) — retrying in 20.4s
2026-03-07 00:25:42: 2026-03-07 00:25:42 [error_recovery] ERROR: [YouTube.search.list] failed after 3 attempt(s): ('invalid_grant: Token has been expired or revoked.', {'error': 'invalid_grant', 'error_description': 'Token has been expired or revoked.'})
2026-03-07 00:30:56: 2026-03-07 00:30:56 [error_recovery] WARNING: [YouTube.search.list] attempt 1/3 failed (RefreshError: ('invalid_grant: Token has been expired or revoked.', {'error': 'invalid_grant', 'error_description': 'Token has been ex) — retrying in 10.2s
2026-03-07 00:31:07: 2026-03-07 00:31:07 [error_recovery] WARNING: [YouTube.search.list] attempt 2/3 failed (RefreshError: ('invalid_grant: Token has been expired or revoked.', {'error': 'invalid_grant', 'error_description': 'Token has been ex) — retrying in 20.0s
2026-03-07 00:31:29: 2026-03-07 00:31:29 [error_recovery] ERROR: [YouTube.search.list] failed after 3 attempt(s): ('invalid_grant: Token has been expired or revoked.', {'error': 'invalid_grant', 'error_description': 'Token has been expired or revoked.'})
2026-03-07 00:36:42: 2026-03-07 00:36:42 [error_recovery] WARNING: [YouTube.search.list] attempt 1/3 failed (RefreshError: ('invalid_grant: Token has been expired or revoked.', {'error': 'invalid_grant', 'error_description': 'Token has been ex) — retrying in 10.0s
2026-03-07 00:36:52: 2026-03-07 00:36:52 [error_recovery] WARNING: [YouTube.search.list] attempt 2/3 failed (RefreshError: ('invalid_grant: Token has been expired or revoked.', {'error': 'invalid_grant', 'error_description': 'Token has been ex) — retrying in 20.1s
2026-03-07 00:37:14: 2026-03-07 00:37:14 [error_recovery] ERROR: [YouTube.search.list] failed after 3 attempt(s): ('invalid_grant: Token has been expired or revoked.', {'error': 'invalid_grant', 'error_description': 'Token has been expired or revoked.'})
2026-03-07 00:42:36: 2026-03-07 00:42:36 [error_recovery] WARNING: [YouTube.search.list] attempt 1/3 failed (RefreshError: ('invalid_grant: Token has been expired or revoked.', {'error': 'invalid_grant', 'error_description': 'Token has been ex) — retrying in 10.3s
2026-03-07 00:42:47: 2026-03-07 00:42:47 [error_recovery] WARNING: [YouTube.search.list] attempt 2/3 failed (RefreshError: ('invalid_grant: Token has been expired or revoked.', {'error': 'invalid_grant', 'error_description': 'Token has been ex) — retrying in 19.6s
2026-03-07 00:43:08: 2026-03-07 00:43:08 [error_recovery] ERROR: [YouTube.search.list] failed after 3 attempt(s): ('invalid_grant: Token has been expired or revoked.', {'error': 'invalid_grant', 'error_description': 'Token has been expired or revoked.'})
2026-03-07 00:48:22: 2026-03-07 00:48:22 [error_recovery] WARNING: [YouTube.search.list] attempt 1/3 failed (RefreshError: ('invalid_grant: Token has been expired or revoked.', {'error': 'invalid_grant', 'error_description': 'Token has been ex) — retrying in 9.9s
2026-03-07 00:48:32: 2026-03-07 00:48:32 [error_recovery] WARNING: [YouTube.search.list] attempt 2/3 failed (RefreshError: ('invalid_grant: Token has been expired or revoked.', {'error': 'invalid_grant', 'error_description': 'Token has been ex) — retrying in 19.8s
2026-03-07 00:48:54: 2026-03-07 00:48:54 [error_recovery] ERROR: [YouTube.search.list] failed after 3 attempt(s): ('invalid_grant: Token has been expired or revoked.', {'error': 'invalid_grant', 'error_description': 'Token has been expired or revoked.'})
2026-03-07 00:54:08: 2026-03-07 00:54:08 [error_recovery] WARNING: [YouTube.search.list] attempt 1/3 failed (RefreshError: ('invalid_grant: Token has been expired or revoked.', {'error': 'invalid_grant', 'error_description': 'Token has been ex) — retrying in 9.6s
2026-03-07 00:54:18: 2026-03-07 00:54:18 [error_recovery] WARNING: [YouTube.search.list] attempt 2/3 failed (RefreshError: ('invalid_grant: Token has been expired or revoked.', {'error': 'invalid_grant', 'error_description': 'Token has been ex) — retrying in 19.9s
2026-03-07 00:54:40: 2026-03-07 00:54:40 [error_recovery] ERROR: [YouTube.search.list] failed after 3 attempt(s): ('invalid_grant: Token has been expired or revoked.', {'error': 'invalid_grant', 'error_description': 'Token has been expired or revoked.'})
2026-03-07 00:59:55: 2026-03-07 00:59:55 [error_recovery] WARNING: [YouTube.search.list] attempt 1/3 failed (RefreshError: ('invalid_grant: Token has been expired or revoked.', {'error': 'invalid_grant', 'error_description': 'Token has been ex) — retrying in 9.8s
2026-03-07 01:00:05: 2026-03-07 01:00:05 [error_recovery] WARNING: [YouTube.search.list] attempt 2/3 failed (RefreshError: ('invalid_grant: Token has been expired or revoked.', {'error': 'invalid_grant', 'error_description': 'Token has been ex) — retrying in 19.6s
2026-03-07 01:00:30: 2026-03-07 01:00:30 [error_recovery] ERROR: [YouTube.search.list] failed after 3 attempt(s): ('invalid_grant: Token has been expired or revoked.', {'error': 'invalid_grant', 'error_description': 'Token has been expired or revoked.'})
2026-03-07 01:05:46: 2026-03-07 01:05:46 [error_recovery] WARNING: [YouTube.search.list] attempt 1/3 failed (RefreshError: ('invalid_grant: Token has been expired or revoked.', {'error': 'invalid_grant', 'error_description': 'Token has been ex) — retrying in 9.9s
2026-03-07 01:05:58: 2026-03-07 01:05:58 [error_recovery] WARNING: [YouTube.search.list] attempt 2/3 failed (RefreshError: ('invalid_grant: Token has been expired or revoked.', {'error': 'invalid_grant', 'error_description': 'Token has been ex) — retrying in 20.2s
2026-03-07 01:06:20: 2026-03-07 01:06:20 [error_recovery] ERROR: [YouTube.search.list] failed after 3 attempt(s): ('invalid_grant: Token has been expired or revoked.', {'error': 'invalid_grant', 'error_description': 'Token has been expired or revoked.'})
2026-03-07 01:11:40: 2026-03-07 01:11:40 [error_recovery] WARNING: [YouTube.search.list] attempt 1/3 failed (RefreshError: ('invalid_grant: Token has been expired or revoked.', {'error': 'invalid_grant', 'error_description': 'Token has been ex) — retrying in 10.2s
2026-03-07 01:11:52: 2026-03-07 01:11:52 [error_recovery] WARNING: [YouTube.search.list] attempt 2/3 failed (RefreshError: ('invalid_grant: Token has been expired or revoked.', {'error': 'invalid_grant', 'error_description': 'Token has been ex) — retrying in 19.6s
2026-03-07 01:12:15: 2026-03-07 01:12:15 [error_recovery] ERROR: [YouTube.search.list] failed after 3 attempt(s): ('invalid_grant: Token has been expired or revoked.', {'error': 'invalid_grant', 'error_description': 'Token has been expired or revoked.'})
2026-03-07 01:17:35: 2026-03-07 01:17:35 [error_recovery] WARNING: [YouTube.search.list] attempt 1/3 failed (RefreshError: ('invalid_grant: Token has been expired or revoked.', {'error': 'invalid_grant', 'error_description': 'Token has been ex) — retrying in 10.3s
2026-03-07 01:17:46: 2026-03-07 01:17:46 [error_recovery] WARNING: [YouTube.search.list] attempt 2/3 failed (RefreshError: ('invalid_grant: Token has been expired or revoked.', {'error': 'invalid_grant', 'error_description': 'Token has been ex) — retrying in 20.1s
2026-03-07 01:18:08: 2026-03-07 01:18:08 [error_recovery] ERROR: [YouTube.search.list] failed after 3 attempt(s): ('invalid_grant: Token has been expired or revoked.', {'error': 'invalid_grant', 'error_description': 'Token has been expired or revoked.'})
2026-03-07 01:23:26: 2026-03-07 01:23:26 [error_recovery] WARNING: [YouTube.search.list] attempt 1/3 failed (RefreshError: ('invalid_grant: Token has been expired or revoked.', {'error': 'invalid_grant', 'error_description': 'Token has been ex) — retrying in 9.9s
2026-03-07 01:23:36: 2026-03-07 01:23:36 [error_recovery] WARNING: [YouTube.search.list] attempt 2/3 failed (RefreshError: ('invalid_grant: Token has been expired or revoked.', {'error': 'invalid_grant', 'error_description': 'Token has been ex) — retrying in 19.8s
2026-03-07 01:23:58: 2026-03-07 01:23:58 [error_recovery] ERROR: [YouTube.search.list] failed after 3 attempt(s): ('invalid_grant: Token has been expired or revoked.', {'error': 'invalid_grant', 'error_description': 'Token has been expired or revoked.'})
2026-03-07 01:29:17: 2026-03-07 01:29:17 [error_recovery] WARNING: [YouTube.search.list] attempt 1/3 failed (RefreshError: ('invalid_grant: Token has been expired or revoked.', {'error': 'invalid_grant', 'error_description': 'Token has been ex) — retrying in 9.9s
2026-03-07 01:29:29: 2026-03-07 01:29:29 [error_recovery] WARNING: [YouTube.search.list] attempt 2/3 failed (RefreshError: ('invalid_grant: Token has been expired or revoked.', {'error': 'invalid_grant', 'error_description': 'Token has been ex) — retrying in 20.2s
2026-03-07 01:29:52: 2026-03-07 01:29:52 [error_recovery] ERROR: [YouTube.search.list] failed after 3 attempt(s): ('invalid_grant: Token has been expired or revoked.', {'error': 'invalid_grant', 'error_description': 'Token has been expired or revoked.'})
2026-03-07 01:35:17: 2026-03-07 01:35:17 [error_recovery] WARNING: [YouTube.search.list] attempt 1/3 failed (RefreshError: ('invalid_grant: Token has been expired or revoked.', {'error': 'invalid_grant', 'error_description': 'Token has been ex) — retrying in 9.9s
2026-03-07 01:35:28: 2026-03-07 01:35:28 [error_recovery] WARNING: [YouTube.search.list] attempt 2/3 failed (RefreshError: ('invalid_grant: Token has been expired or revoked.', {'error': 'invalid_grant', 'error_description': 'Token has been ex) — retrying in 20.4s
2026-03-07 01:35:51: 2026-03-07 01:35:51 [error_recovery] ERROR: [YouTube.search.list] failed after 3 attempt(s): ('invalid_grant: Token has been expired or revoked.', {'error': 'invalid_grant', 'error_description': 'Token has been expired or revoked.'})
2026-03-07 01:41:19: 2026-03-07 01:41:19 [error_recovery] WARNING: [YouTube.search.list] attempt 1/3 failed (BrokenPipeError: [Errno 32] Broken pipe) — retrying in 10.2s
2026-03-07 01:41:34: 2026-03-07 01:41:34 [error_recovery] WARNING: [YouTube.search.list] attempt 2/3 failed (SSLError: [SSL: UNEXPECTED_EOF_WHILE_READING] unexpected eof while reading (_ssl.c:2658)) — retrying in 20.1s
2026-03-07 01:42:03: 2026-03-07 01:42:03 [error_recovery] ERROR: [YouTube.search.list] failed after 3 attempt(s): ('invalid_grant: Token has been expired or revoked.', {'error': 'invalid_grant', 'error_description': 'Token has been expired or revoked.'})
2026-03-07 01:47:21: 2026-03-07 01:47:21 [error_recovery] WARNING: [YouTube.search.list] attempt 1/3 failed (RefreshError: ('invalid_grant: Token has been expired or revoked.', {'error': 'invalid_grant', 'error_description': 'Token has been ex) — retrying in 10.0s
2026-03-07 01:47:32: 2026-03-07 01:47:32 [error_recovery] WARNING: [YouTube.search.list] attempt 2/3 failed (RefreshError: ('invalid_grant: Token has been expired or revoked.', {'error': 'invalid_grant', 'error_description': 'Token has been ex) — retrying in 19.6s
2026-03-07 01:47:53: 2026-03-07 01:47:53 [error_recovery] ERROR: [YouTube.search.list] failed after 3 attempt(s): ('invalid_grant: Token has been expired or revoked.', {'error': 'invalid_grant', 'error_description': 'Token has been expired or revoked.'})
2026-03-07 01:53:20: 2026-03-07 01:53:20 [error_recovery] WARNING: [YouTube.search.list] attempt 1/3 failed (RefreshError: ('invalid_grant: Token has been expired or revoked.', {'error': 'invalid_grant', 'error_description': 'Token has been ex) — retrying in 10.3s
2026-03-07 01:53:34: 2026-03-07 01:53:34 [error_recovery] WARNING: [YouTube.search.list] attempt 2/3 failed (RefreshError: ('invalid_grant: Token has been expired or revoked.', {'error': 'invalid_grant', 'error_description': 'Token has been ex) — retrying in 20.2s
2026-03-07 01:53:56: 2026-03-07 01:53:56 [error_recovery] ERROR: [YouTube.search.list] failed after 3 attempt(s): ('invalid_grant: Token has been expired or revoked.', {'error': 'invalid_grant', 'error_description': 'Token has been expired or revoked.'})
2026-03-07 01:59:17: 2026-03-07 01:59:17 [error_recovery] WARNING: [YouTube.search.list] attempt 1/3 failed (RefreshError: ('invalid_grant: Token has been expired or revoked.', {'error': 'invalid_grant', 'error_description': 'Token has been ex) — retrying in 10.2s
2026-03-07 01:59:29: 2026-03-07 01:59:29 [error_recovery] WARNING: [YouTube.search.list] attempt 2/3 failed (RefreshError: ('invalid_grant: Token has been expired or revoked.', {'error': 'invalid_grant', 'error_description': 'Token has been ex) — retrying in 20.2s
2026-03-07 01:59:51: 2026-03-07 01:59:51 [error_recovery] ERROR: [YouTube.search.list] failed after 3 attempt(s): ('invalid_grant: Token has been expired or revoked.', {'error': 'invalid_grant', 'error_description': 'Token has been expired or revoked.'})
2026-03-07 02:05:09: 2026-03-07 02:05:09 [error_recovery] WARNING: [YouTube.search.list] attempt 1/3 failed (RefreshError: ('invalid_grant: Token has been expired or revoked.', {'error': 'invalid_grant', 'error_description': 'Token has been ex) — retrying in 9.7s
2026-03-07 02:05:20: 2026-03-07 02:05:20 [error_recovery] WARNING: [YouTube.search.list] attempt 2/3 failed (RefreshError: ('invalid_grant: Token has been expired or revoked.', {'error': 'invalid_grant', 'error_description': 'Token has been ex) — retrying in 19.7s
2026-03-07 02:05:40: 2026-03-07 02:05:40 [error_recovery] ERROR: [YouTube.search.list] failed after 3 attempt(s): ('invalid_grant: Token has been expired or revoked.', {'error': 'invalid_grant', 'error_description': 'Token has been expired or revoked.'})
2026-03-07 02:10:57: 2026-03-07 02:10:57 [error_recovery] WARNING: [YouTube.search.list] attempt 1/3 failed (RefreshError: ('invalid_grant: Token has been expired or revoked.', {'error': 'invalid_grant', 'error_description': 'Token has been ex) — retrying in 10.2s
2026-03-07 02:11:09: 2026-03-07 02:11:09 [error_recovery] WARNING: [YouTube.search.list] attempt 2/3 failed (RefreshError: ('invalid_grant: Token has been expired or revoked.', {'error': 'invalid_grant', 'error_description': 'Token has been ex) — retrying in 19.5s
2026-03-07 02:11:31: 2026-03-07 02:11:31 [error_recovery] ERROR: [YouTube.search.list] failed after 3 attempt(s): ('invalid_grant: Token has been expired or revoked.', {'error': 'invalid_grant', 'error_description': 'Token has been expired or revoked.'})
2026-03-07 02:16:54: 2026-03-07 02:16:54 [error_recovery] WARNING: [YouTube.search.list] attempt 1/3 failed (RefreshError: ('invalid_grant: Token has been expired or revoked.', {'error': 'invalid_grant', 'error_description': 'Token has been ex) — retrying in 9.9s
2026-03-07 02:17:04: 2026-03-07 02:17:04 [error_recovery] WARNING: [YouTube.search.list] attempt 2/3 failed (RefreshError: ('invalid_grant: Token has been expired or revoked.', {'error': 'invalid_grant', 'error_description': 'Token has been ex) — retrying in 20.5s
2026-03-07 02:17:27: 2026-03-07 02:17:27 [error_recovery] ERROR: [YouTube.search.list] failed after 3 attempt(s): ('invalid_grant: Token has been expired or revoked.', {'error': 'invalid_grant', 'error_description': 'Token has been expired or revoked.'})
2026-03-07 02:22:46: 2026-03-07 02:22:46 [error_recovery] WARNING: [YouTube.search.list] attempt 1/3 failed (RefreshError: ('invalid_grant: Token has been expired or revoked.', {'error': 'invalid_grant', 'error_description': 'Token has been ex) — retrying in 10.3s
2026-03-07 02:22:57: 2026-03-07 02:22:57 [error_recovery] WARNING: [YouTube.search.list] attempt 2/3 failed (RefreshError: ('invalid_grant: Token has been expired or revoked.', {'error': 'invalid_grant', 'error_description': 'Token has been ex) — retrying in 20.3s
2026-03-07 02:23:22: 2026-03-07 02:23:22 [error_recovery] ERROR: [YouTube.search.list] failed after 3 attempt(s): ('invalid_grant: Token has been expired or revoked.', {'error': 'invalid_grant', 'error_description': 'Token has been expired or revoked.'})
2026-03-07 02:28:49: 2026-03-07 02:28:49 [error_recovery] WARNING: [YouTube.search.list] attempt 1/3 failed (RefreshError: ('invalid_grant: Token has been expired or revoked.', {'error': 'invalid_grant', 'error_description': 'Token has been ex) — retrying in 9.9s
2026-03-07 02:29:17: 2026-03-07 02:29:02 [error_recovery] WARNING: [YouTube.search.list] attempt 2/3 failed (RefreshError: ('invalid_grant: Token has been expired or revoked.', {'error': 'invalid_grant', 'error_description': 'Token has been ex) — retrying in 19.7s
2026-03-07 02:29:25: 2026-03-07 02:29:25 [error_recovery] ERROR: [YouTube.search.list] failed after 3 attempt(s): ('invalid_grant: Token has been expired or revoked.', {'error': 'invalid_grant', 'error_description': 'Token has been expired or revoked.'})
2026-03-07 02:34:44: 2026-03-07 02:34:44 [error_recovery] WARNING: [YouTube.search.list] attempt 1/3 failed (RefreshError: ('invalid_grant: Token has been expired or revoked.', {'error': 'invalid_grant', 'error_description': 'Token has been ex) — retrying in 10.3s
2026-03-07 02:34:55: 2026-03-07 02:34:55 [error_recovery] WARNING: [YouTube.search.list] attempt 2/3 failed (RefreshError: ('invalid_grant: Token has been expired or revoked.', {'error': 'invalid_grant', 'error_description': 'Token has been ex) — retrying in 20.4s
2026-03-07 02:35:23: 2026-03-07 02:35:23 [error_recovery] ERROR: [YouTube.search.list] failed after 3 attempt(s): ('invalid_grant: Token has been expired or revoked.', {'error': 'invalid_grant', 'error_description': 'Token has been expired or revoked.'})
2026-03-07 05:41:05: 2026-03-07 05:41:05 [error_recovery] WARNING: [YouTube.search.list] attempt 1/3 failed (RefreshError: ('invalid_grant: Token has been expired or revoked.', {'error': 'invalid_grant', 'error_description': 'Token has been ex) — retrying in 10.3s
2026-03-07 13:33:11: 2026-03-07 13:32:48 [error_recovery] WARNING: [YouTube.search.list] attempt 2/3 failed (TimeoutError: The read operation timed out) — retrying in 20.0s
2026-03-07 13:43:31: 2026-03-07 13:43:31 [error_recovery] ERROR: [YouTube.search.list] failed after 3 attempt(s): ('invalid_grant: Token has been expired or revoked.', {'error': 'invalid_grant', 'error_description': 'Token has been expired or revoked.'})
2026-03-07 13:49:14: 2026-03-07 13:49:12 [error_recovery] WARNING: [YouTube.search.list] attempt 1/3 failed (RefreshError: ('invalid_grant: Token has been expired or revoked.', {'error': 'invalid_grant', 'error_description': 'Token has been ex) — retrying in 10.4s
2026-03-07 13:49:30: 2026-03-07 13:49:30 [error_recovery] WARNING: [YouTube.search.list] attempt 2/3 failed (RefreshError: ('invalid_grant: Token has been expired or revoked.', {'error': 'invalid_grant', 'error_description': 'Token has been ex) — retrying in 19.5s
2026-03-07 13:50:02: 2026-03-07 13:50:02 [error_recovery] ERROR: [YouTube.search.list] failed after 3 attempt(s): ('invalid_grant: Token has been expired or revoked.', {'error': 'invalid_grant', 'error_description': 'Token has been expired or revoked.'})
2026-03-07 13:56:06: 2026-03-07 13:56:03 [error_recovery] WARNING: [YouTube.search.list] attempt 1/3 failed (RefreshError: ('invalid_grant: Token has been expired or revoked.', {'error': 'invalid_grant', 'error_description': 'Token has been ex) — retrying in 10.1s
2026-03-07 13:56:22: 2026-03-07 13:56:21 [error_recovery] WARNING: [YouTube.search.list] attempt 2/3 failed (RefreshError: ('invalid_grant: Token has been expired or revoked.', {'error': 'invalid_grant', 'error_description': 'Token has been ex) — retrying in 20.1s
2026-03-07 13:57:16: 2026-03-07 13:57:14 [error_recovery] ERROR: [YouTube.search.list] failed after 3 attempt(s): ('invalid_grant: Token has been expired or revoked.', {'error': 'invalid_grant', 'error_description': 'Token has been expired or revoked.'})
2026-03-07 14:03:43: 2026-03-07 14:03:43 [error_recovery] WARNING: [YouTube.search.list] attempt 1/3 failed (RefreshError: ('invalid_grant: Token has been expired or revoked.', {'error': 'invalid_grant', 'error_description': 'Token has been ex) — retrying in 9.9s
2026-03-07 14:03:57: 2026-03-07 14:03:57 [error_recovery] WARNING: [YouTube.search.list] attempt 2/3 failed (RefreshError: ('invalid_grant: Token has been expired or revoked.', {'error': 'invalid_grant', 'error_description': 'Token has been ex) — retrying in 20.1s
2026-03-07 14:04:21: 2026-03-07 14:04:21 [error_recovery] ERROR: [YouTube.search.list] failed after 3 attempt(s): ('invalid_grant: Token has been expired or revoked.', {'error': 'invalid_grant', 'error_description': 'Token has been expired or revoked.'})
2026-03-07 14:10:01: 2026-03-07 14:10:01 [error_recovery] WARNING: [YouTube.search.list] attempt 1/3 failed (RefreshError: ('invalid_grant: Token has been expired or revoked.', {'error': 'invalid_grant', 'error_description': 'Token has been ex) — retrying in 9.9s
2026-03-07 14:10:13: 2026-03-07 14:10:13 [error_recovery] WARNING: [YouTube.search.list] attempt 2/3 failed (RefreshError: ('invalid_grant: Token has been expired or revoked.', {'error': 'invalid_grant', 'error_description': 'Token has been ex) — retrying in 20.0s
2026-03-07 14:10:37: 2026-03-07 14:10:37 [error_recovery] ERROR: [YouTube.search.list] failed after 3 attempt(s): ('invalid_grant: Token has been expired or revoked.', {'error': 'invalid_grant', 'error_description': 'Token has been expired or revoked.'})
2026-03-07 14:16:07: 2026-03-07 14:16:07 [error_recovery] WARNING: [YouTube.search.list] attempt 1/3 failed (RefreshError: ('invalid_grant: Token has been expired or revoked.', {'error': 'invalid_grant', 'error_description': 'Token has been ex) — retrying in 10.4s
2026-03-07 14:16:28: 2026-03-07 14:16:28 [error_recovery] WARNING: [YouTube.search.list] attempt 2/3 failed (RefreshError: ('invalid_grant: Token has been expired or revoked.', {'error': 'invalid_grant', 'error_description': 'Token has been ex) — retrying in 19.7s
2026-03-07 14:16:48: 2026-03-07 14:16:48 [error_recovery] ERROR: [YouTube.search.list] failed after 3 attempt(s): ('invalid_grant: Token has been expired or revoked.', {'error': 'invalid_grant', 'error_description': 'Token has been expired or revoked.'})
2026-03-07 14:22:29: 2026-03-07 14:22:29 [error_recovery] WARNING: [YouTube.search.list] attempt 1/3 failed (RefreshError: ('invalid_grant: Token has been expired or revoked.', {'error': 'invalid_grant', 'error_description': 'Token has been ex) — retrying in 10.4s
2026-03-07 14:22:42: 2026-03-07 14:22:42 [error_recovery] WARNING: [YouTube.search.list] attempt 2/3 failed (RefreshError: ('invalid_grant: Token has been expired or revoked.', {'error': 'invalid_grant', 'error_description': 'Token has been ex) — retrying in 20.3s
2026-03-07 14:23:56: 2026-03-07 14:23:53 [error_recovery] ERROR: [YouTube.search.list] failed after 3 attempt(s): ('invalid_grant: Token has been expired or revoked.', {'error': 'invalid_grant', 'error_description': 'Token has been expired or revoked.'})
2026-03-07 14:29:27: 2026-03-07 14:29:27 [error_recovery] WARNING: [YouTube.search.list] attempt 1/3 failed (RefreshError: ('invalid_grant: Token has been expired or revoked.', {'error': 'invalid_grant', 'error_description': 'Token has been ex) — retrying in 10.5s
2026-03-07 14:29:39: 2026-03-07 14:29:39 [error_recovery] WARNING: [YouTube.search.list] attempt 2/3 failed (RefreshError: ('invalid_grant: Token has been expired or revoked.', {'error': 'invalid_grant', 'error_description': 'Token has been ex) — retrying in 20.1s
2026-03-07 14:30:03: 2026-03-07 14:30:03 [error_recovery] ERROR: [YouTube.search.list] failed after 3 attempt(s): ('invalid_grant: Token has been expired or revoked.', {'error': 'invalid_grant', 'error_description': 'Token has been expired or revoked.'})
2026-03-07 14:35:34: 2026-03-07 14:35:34 [error_recovery] WARNING: [YouTube.search.list] attempt 1/3 failed (RefreshError: ('invalid_grant: Token has been expired or revoked.', {'error': 'invalid_grant', 'error_description': 'Token has been ex) — retrying in 9.6s
2026-03-07 14:35:43: 2026-03-07 14:35:43 [error_recovery] WARNING: [YouTube.search.list] attempt 2/3 failed (RefreshError: ('invalid_grant: Token has been expired or revoked.', {'error': 'invalid_grant', 'error_description': 'Token has been ex) — retrying in 19.6s
2026-03-07 14:36:06: 2026-03-07 14:36:06 [error_recovery] ERROR: [YouTube.search.list] failed after 3 attempt(s): ('invalid_grant: Token has been expired or revoked.', {'error': 'invalid_grant', 'error_description': 'Token has been expired or revoked.'})
2026-03-07 14:41:48: 2026-03-07 14:41:48 [error_recovery] WARNING: [YouTube.search.list] attempt 1/3 failed (RefreshError: ('invalid_grant: Token has been expired or revoked.', {'error': 'invalid_grant', 'error_description': 'Token has been ex) — retrying in 9.6s
2026-03-07 14:41:58: 2026-03-07 14:41:58 [error_recovery] WARNING: [YouTube.search.list] attempt 2/3 failed (RefreshError: ('invalid_grant: Token has been expired or revoked.', {'error': 'invalid_grant', 'error_description': 'Token has been ex) — retrying in 19.9s
2026-03-07 14:42:22: 2026-03-07 14:42:22 [error_recovery] ERROR: [YouTube.search.list] failed after 3 attempt(s): ('invalid_grant: Token has been expired or revoked.', {'error': 'invalid_grant', 'error_description': 'Token has been expired or revoked.'})
2026-03-07 14:47:55: 2026-03-07 14:47:55 [error_recovery] WARNING: [YouTube.search.list] attempt 1/3 failed (RefreshError: ('invalid_grant: Token has been expired or revoked.', {'error': 'invalid_grant', 'error_description': 'Token has been ex) — retrying in 9.6s
2026-03-07 14:48:05: 2026-03-07 14:48:05 [error_recovery] WARNING: [YouTube.search.list] attempt 2/3 failed (RefreshError: ('invalid_grant: Token has been expired or revoked.', {'error': 'invalid_grant', 'error_description': 'Token has been ex) — retrying in 20.3s
2026-03-07 14:48:29: 2026-03-07 14:48:29 [error_recovery] ERROR: [YouTube.search.list] failed after 3 attempt(s): ('invalid_grant: Token has been expired or revoked.', {'error': 'invalid_grant', 'error_description': 'Token has been expired or revoked.'})
2026-03-07 14:54:07: 2026-03-07 14:54:07 [error_recovery] WARNING: [YouTube.search.list] attempt 1/3 failed (RefreshError: ('invalid_grant: Token has been expired or revoked.', {'error': 'invalid_grant', 'error_description': 'Token has been ex) — retrying in 9.9s
2026-03-07 14:54:24: 2026-03-07 14:54:24 [error_recovery] WARNING: [YouTube.search.list] attempt 2/3 failed (RefreshError: ('invalid_grant: Token has been expired or revoked.', {'error': 'invalid_grant', 'error_description': 'Token has been ex) — retrying in 20.0s
2026-03-07 14:54:49: 2026-03-07 14:54:49 [error_recovery] ERROR: [YouTube.search.list] failed after 3 attempt(s): ('invalid_grant: Token has been expired or revoked.', {'error': 'invalid_grant', 'error_description': 'Token has been expired or revoked.'})
2026-03-07 15:00:24: 2026-03-07 15:00:24 [error_recovery] WARNING: [YouTube.search.list] attempt 1/3 failed (RefreshError: ('invalid_grant: Token has been expired or revoked.', {'error': 'invalid_grant', 'error_description': 'Token has been ex) — retrying in 9.7s
2026-03-07 15:00:39: 2026-03-07 15:00:39 [error_recovery] WARNING: [YouTube.search.list] attempt 2/3 failed (RefreshError: ('invalid_grant: Token has been expired or revoked.', {'error': 'invalid_grant', 'error_description': 'Token has been ex) — retrying in 20.4s
2026-03-07 15:01:00: 2026-03-07 15:01:00 [error_recovery] ERROR: [YouTube.search.list] failed after 3 attempt(s): ('invalid_grant: Token has been expired or revoked.', {'error': 'invalid_grant', 'error_description': 'Token has been expired or revoked.'})
2026-03-07 15:06:45: 2026-03-07 15:06:45 [error_recovery] WARNING: [YouTube.search.list] attempt 1/3 failed (RefreshError: ('invalid_grant: Token has been expired or revoked.', {'error': 'invalid_grant', 'error_description': 'Token has been ex) — retrying in 9.6s
2026-03-07 15:06:56: 2026-03-07 15:06:56 [error_recovery] WARNING: [YouTube.search.list] attempt 2/3 failed (RefreshError: ('invalid_grant: Token has been expired or revoked.', {'error': 'invalid_grant', 'error_description': 'Token has been ex) — retrying in 20.5s
2026-03-07 15:07:21: 2026-03-07 15:07:21 [error_recovery] ERROR: [YouTube.search.list] failed after 3 attempt(s): ('invalid_grant: Token has been expired or revoked.', {'error': 'invalid_grant', 'error_description': 'Token has been expired or revoked.'})
2026-03-07 15:13:01: 2026-03-07 15:13:01 [error_recovery] WARNING: [YouTube.search.list] attempt 1/3 failed (RefreshError: ('invalid_grant: Token has been expired or revoked.', {'error': 'invalid_grant', 'error_description': 'Token has been ex) — retrying in 10.3s
2026-03-07 15:13:11: 2026-03-07 15:13:11 [error_recovery] WARNING: [YouTube.search.list] attempt 2/3 failed (RefreshError: ('invalid_grant: Token has been expired or revoked.', {'error': 'invalid_grant', 'error_description': 'Token has been ex) — retrying in 19.5s
2026-03-07 15:13:34: 2026-03-07 15:13:34 [error_recovery] ERROR: [YouTube.search.list] failed after 3 attempt(s): ('invalid_grant: Token has been expired or revoked.', {'error': 'invalid_grant', 'error_description': 'Token has been expired or revoked.'})
2026-03-07 15:19:08: 2026-03-07 15:19:08 [error_recovery] WARNING: [YouTube.search.list] attempt 1/3 failed (RefreshError: ('invalid_grant: Token has been expired or revoked.', {'error': 'invalid_grant', 'error_description': 'Token has been ex) — retrying in 10.2s
2026-03-07 15:19:19: 2026-03-07 15:19:19 [error_recovery] WARNING: [YouTube.search.list] attempt 2/3 failed (RefreshError: ('invalid_grant: Token has been expired or revoked.', {'error': 'invalid_grant', 'error_description': 'Token has been ex) — retrying in 19.5s
2026-03-07 15:19:44: 2026-03-07 15:19:44 [error_recovery] ERROR: [YouTube.search.list] failed after 3 attempt(s): ('invalid_grant: Token has been expired or revoked.', {'error': 'invalid_grant', 'error_description': 'Token has been expired or revoked.'})
2026-03-07 15:25:22: 2026-03-07 15:25:22 [error_recovery] WARNING: [YouTube.search.list] attempt 1/3 failed (RefreshError: ('invalid_grant: Token has been expired or revoked.', {'error': 'invalid_grant', 'error_description': 'Token has been ex) — retrying in 9.7s
2026-03-07 15:25:32: 2026-03-07 15:25:32 [error_recovery] WARNING: [YouTube.search.list] attempt 2/3 failed (RefreshError: ('invalid_grant: Token has been expired or revoked.', {'error': 'invalid_grant', 'error_description': 'Token has been ex) — retrying in 19.9s
2026-03-07 15:25:55: 2026-03-07 15:25:55 [error_recovery] ERROR: [YouTube.search.list] failed after 3 attempt(s): ('invalid_grant: Token has been expired or revoked.', {'error': 'invalid_grant', 'error_description': 'Token has been expired or revoked.'})
2026-03-07 15:31:31: 2026-03-07 15:31:31 [error_recovery] WARNING: [YouTube.search.list] attempt 1/3 failed (RefreshError: ('invalid_grant: Token has been expired or revoked.', {'error': 'invalid_grant', 'error_description': 'Token has been ex) — retrying in 9.8s
2026-03-07 15:31:41: 2026-03-07 15:31:41 [error_recovery] WARNING: [YouTube.search.list] attempt 2/3 failed (RefreshError: ('invalid_grant: Token has been expired or revoked.', {'error': 'invalid_grant', 'error_description': 'Token has been ex) — retrying in 20.0s
2026-03-07 15:32:05: 2026-03-07 15:32:05 [error_recovery] ERROR: [YouTube.search.list] failed after 3 attempt(s): ('invalid_grant: Token has been expired or revoked.', {'error': 'invalid_grant', 'error_description': 'Token has been expired or revoked.'})
2026-03-07 15:37:40: 2026-03-07 15:37:40 [error_recovery] WARNING: [YouTube.search.list] attempt 1/3 failed (RefreshError: ('invalid_grant: Token has been expired or revoked.', {'error': 'invalid_grant', 'error_description': 'Token has been ex) — retrying in 9.6s
2026-03-07 15:37:50: 2026-03-07 15:37:50 [error_recovery] WARNING: [YouTube.search.list] attempt 2/3 failed (RefreshError: ('invalid_grant: Token has been expired or revoked.', {'error': 'invalid_grant', 'error_description': 'Token has been ex) — retrying in 20.2s
2026-03-07 15:38:15: 2026-03-07 15:38:15 [error_recovery] ERROR: [YouTube.search.list] failed after 3 attempt(s): ('invalid_grant: Token has been expired or revoked.', {'error': 'invalid_grant', 'error_description': 'Token has been expired or revoked.'})
2026-03-07 15:44:00: 2026-03-07 15:44:00 [error_recovery] WARNING: [YouTube.search.list] attempt 1/3 failed (RefreshError: ('invalid_grant: Token has been expired or revoked.', {'error': 'invalid_grant', 'error_description': 'Token has been ex) — retrying in 9.6s
2026-03-07 15:44:14: 2026-03-07 15:44:14 [error_recovery] WARNING: [YouTube.search.list] attempt 2/3 failed (RefreshError: ('invalid_grant: Token has been expired or revoked.', {'error': 'invalid_grant', 'error_description': 'Token has been ex) — retrying in 19.7s
2026-03-07 15:44:38: 2026-03-07 15:44:38 [error_recovery] ERROR: [YouTube.search.list] failed after 3 attempt(s): ('invalid_grant: Token has been expired or revoked.', {'error': 'invalid_grant', 'error_description': 'Token has been expired or revoked.'})
2026-03-07 15:50:46: 2026-03-07 15:50:46 [error_recovery] WARNING: [YouTube.search.list] attempt 1/3 failed (RefreshError: ('invalid_grant: Token has been expired or revoked.', {'error': 'invalid_grant', 'error_description': 'Token has been ex) — retrying in 10.0s
2026-03-07 15:50:59: 2026-03-07 15:50:59 [error_recovery] WARNING: [YouTube.search.list] attempt 2/3 failed (RefreshError: ('invalid_grant: Token has been expired or revoked.', {'error': 'invalid_grant', 'error_description': 'Token has been ex) — retrying in 19.7s
2026-03-07 15:51:27: 2026-03-07 15:51:27 [error_recovery] ERROR: [YouTube.search.list] failed after 3 attempt(s): ('invalid_grant: Token has been expired or revoked.', {'error': 'invalid_grant', 'error_description': 'Token has been expired or revoked.'})
2026-03-07 15:57:05: 2026-03-07 15:57:05 [error_recovery] WARNING: [YouTube.search.list] attempt 1/3 failed (RefreshError: ('invalid_grant: Token has been expired or revoked.', {'error': 'invalid_grant', 'error_description': 'Token has been ex) — retrying in 9.8s
2026-03-07 15:57:15: 2026-03-07 15:57:15 [error_recovery] WARNING: [YouTube.search.list] attempt 2/3 failed (RefreshError: ('invalid_grant: Token has been expired or revoked.', {'error': 'invalid_grant', 'error_description': 'Token has been ex) — retrying in 20.3s
2026-03-07 15:57:39: 2026-03-07 15:57:39 [error_recovery] ERROR: [YouTube.search.list] failed after 3 attempt(s): ('invalid_grant: Token has been expired or revoked.', {'error': 'invalid_grant', 'error_description': 'Token has been expired or revoked.'})
2026-03-07 16:03:57: 2026-03-07 16:03:30 [error_recovery] WARNING: [YouTube.search.list] attempt 1/3 failed (RefreshError: ('invalid_grant: Token has been expired or revoked.', {'error': 'invalid_grant', 'error_description': 'Token has been ex) — retrying in 9.8s
2026-03-07 16:03:57: 2026-03-07 16:03:40 [error_recovery] WARNING: [YouTube.search.list] attempt 2/3 failed (RefreshError: ('invalid_grant: Token has been expired or revoked.', {'error': 'invalid_grant', 'error_description': 'Token has been ex) — retrying in 20.0s
2026-03-07 16:04:04: 2026-03-07 16:04:04 [error_recovery] ERROR: [YouTube.search.list] failed after 3 attempt(s): ('invalid_grant: Token has been expired or revoked.', {'error': 'invalid_grant', 'error_description': 'Token has been expired or revoked.'})
2026-03-07 16:09:39: 2026-03-07 16:09:39 [error_recovery] WARNING: [YouTube.search.list] attempt 1/3 failed (RefreshError: ('invalid_grant: Token has been expired or revoked.', {'error': 'invalid_grant', 'error_description': 'Token has been ex) — retrying in 10.0s
2026-03-07 16:09:50: 2026-03-07 16:09:50 [error_recovery] WARNING: [YouTube.search.list] attempt 2/3 failed (RefreshError: ('invalid_grant: Token has been expired or revoked.', {'error': 'invalid_grant', 'error_description': 'Token has been ex) — retrying in 20.3s
2026-03-07 16:10:14: 2026-03-07 16:10:14 [error_recovery] ERROR: [YouTube.search.list] failed after 3 attempt(s): ('invalid_grant: Token has been expired or revoked.', {'error': 'invalid_grant', 'error_description': 'Token has been expired or revoked.'})
2026-03-07 16:15:49: 2026-03-07 16:15:49 [error_recovery] WARNING: [YouTube.search.list] attempt 1/3 failed (RefreshError: ('invalid_grant: Token has been expired or revoked.', {'error': 'invalid_grant', 'error_description': 'Token has been ex) — retrying in 9.9s
2026-03-07 16:16:00: 2026-03-07 16:16:00 [error_recovery] WARNING: [YouTube.search.list] attempt 2/3 failed (RefreshError: ('invalid_grant: Token has been expired or revoked.', {'error': 'invalid_grant', 'error_description': 'Token has been ex) — retrying in 19.6s
2026-03-07 16:16:23: 2026-03-07 16:16:23 [error_recovery] ERROR: [YouTube.search.list] failed after 3 attempt(s): ('invalid_grant: Token has been expired or revoked.', {'error': 'invalid_grant', 'error_description': 'Token has been expired or revoked.'})
2026-03-07 16:22:00: 2026-03-07 16:22:00 [error_recovery] WARNING: [YouTube.search.list] attempt 1/3 failed (RefreshError: ('invalid_grant: Token has been expired or revoked.', {'error': 'invalid_grant', 'error_description': 'Token has been ex) — retrying in 9.6s
2026-03-07 16:22:10: 2026-03-07 16:22:10 [error_recovery] WARNING: [YouTube.search.list] attempt 2/3 failed (RefreshError: ('invalid_grant: Token has been expired or revoked.', {'error': 'invalid_grant', 'error_description': 'Token has been ex) — retrying in 20.2s
2026-03-07 16:22:34: 2026-03-07 16:22:34 [error_recovery] ERROR: [YouTube.search.list] failed after 3 attempt(s): ('invalid_grant: Token has been expired or revoked.', {'error': 'invalid_grant', 'error_description': 'Token has been expired or revoked.'})
2026-03-07 16:28:09: 2026-03-07 16:28:09 [error_recovery] WARNING: [YouTube.search.list] attempt 1/3 failed (RefreshError: ('invalid_grant: Token has been expired or revoked.', {'error': 'invalid_grant', 'error_description': 'Token has been ex) — retrying in 9.5s
2026-03-07 16:28:19: 2026-03-07 16:28:19 [error_recovery] WARNING: [YouTube.search.list] attempt 2/3 failed (RefreshError: ('invalid_grant: Token has been expired or revoked.', {'error': 'invalid_grant', 'error_description': 'Token has been ex) — retrying in 19.6s
2026-03-07 16:28:42: 2026-03-07 16:28:42 [error_recovery] ERROR: [YouTube.search.list] failed after 3 attempt(s): ('invalid_grant: Token has been expired or revoked.', {'error': 'invalid_grant', 'error_description': 'Token has been expired or revoked.'})
2026-03-07 16:34:17: 2026-03-07 16:34:17 [error_recovery] WARNING: [YouTube.search.list] attempt 1/3 failed (RefreshError: ('invalid_grant: Token has been expired or revoked.', {'error': 'invalid_grant', 'error_description': 'Token has been ex) — retrying in 9.7s
2026-03-07 16:34:27: 2026-03-07 16:34:27 [error_recovery] WARNING: [YouTube.search.list] attempt 2/3 failed (RefreshError: ('invalid_grant: Token has been expired or revoked.', {'error': 'invalid_grant', 'error_description': 'Token has been ex) — retrying in 19.6s
2026-03-07 16:34:50: 2026-03-07 16:34:50 [error_recovery] ERROR: [YouTube.search.list] failed after 3 attempt(s): ('invalid_grant: Token has been expired or revoked.', {'error': 'invalid_grant', 'error_description': 'Token has been expired or revoked.'})
2026-03-07 16:40:27: 2026-03-07 16:40:27 [error_recovery] WARNING: [YouTube.search.list] attempt 1/3 failed (RefreshError: ('invalid_grant: Token has been expired or revoked.', {'error': 'invalid_grant', 'error_description': 'Token has been ex) — retrying in 9.6s
2026-03-07 16:40:39: 2026-03-07 16:40:39 [error_recovery] WARNING: [YouTube.search.list] attempt 2/3 failed (RefreshError: ('invalid_grant: Token has been expired or revoked.', {'error': 'invalid_grant', 'error_description': 'Token has been ex) — retrying in 20.0s
2026-03-07 16:41:02: 2026-03-07 16:41:02 [error_recovery] ERROR: [YouTube.search.list] failed after 3 attempt(s): ('invalid_grant: Token has been expired or revoked.', {'error': 'invalid_grant', 'error_description': 'Token has been expired or revoked.'})
2026-03-07 16:46:37: 2026-03-07 16:46:37 [error_recovery] WARNING: [YouTube.search.list] attempt 1/3 failed (RefreshError: ('invalid_grant: Token has been expired or revoked.', {'error': 'invalid_grant', 'error_description': 'Token has been ex) — retrying in 10.0s
2026-03-07 16:46:47: 2026-03-07 16:46:47 [error_recovery] WARNING: [YouTube.search.list] attempt 2/3 failed (RefreshError: ('invalid_grant: Token has been expired or revoked.', {'error': 'invalid_grant', 'error_description': 'Token has been ex) — retrying in 20.4s
2026-03-07 16:47:11: 2026-03-07 16:47:11 [error_recovery] ERROR: [YouTube.search.list] failed after 3 attempt(s): ('invalid_grant: Token has been expired or revoked.', {'error': 'invalid_grant', 'error_description': 'Token has been expired or revoked.'})
2026-03-07 16:52:45: 2026-03-07 16:52:45 [error_recovery] WARNING: [YouTube.search.list] attempt 1/3 failed (RefreshError: ('invalid_grant: Token has been expired or revoked.', {'error': 'invalid_grant', 'error_description': 'Token has been ex) — retrying in 9.6s
2026-03-07 16:52:55: 2026-03-07 16:52:55 [error_recovery] WARNING: [YouTube.search.list] attempt 2/3 failed (RefreshError: ('invalid_grant: Token has been expired or revoked.', {'error': 'invalid_grant', 'error_description': 'Token has been ex) — retrying in 19.8s
2026-03-07 16:53:18: 2026-03-07 16:53:18 [error_recovery] ERROR: [YouTube.search.list] failed after 3 attempt(s): ('invalid_grant: Token has been expired or revoked.', {'error': 'invalid_grant', 'error_description': 'Token has been expired or revoked.'})
2026-03-07 16:58:53: 2026-03-07 16:58:53 [error_recovery] WARNING: [YouTube.search.list] attempt 1/3 failed (RefreshError: ('invalid_grant: Token has been expired or revoked.', {'error': 'invalid_grant', 'error_description': 'Token has been ex) — retrying in 9.9s
2026-03-07 16:59:03: 2026-03-07 16:59:03 [error_recovery] WARNING: [YouTube.search.list] attempt 2/3 failed (RefreshError: ('invalid_grant: Token has been expired or revoked.', {'error': 'invalid_grant', 'error_description': 'Token has been ex) — retrying in 19.8s
2026-03-07 16:59:26: 2026-03-07 16:59:26 [error_recovery] ERROR: [YouTube.search.list] failed after 3 attempt(s): ('invalid_grant: Token has been expired or revoked.', {'error': 'invalid_grant', 'error_description': 'Token has been expired or revoked.'})
2026-03-07 17:05:01: 2026-03-07 17:05:01 [error_recovery] WARNING: [YouTube.search.list] attempt 1/3 failed (RefreshError: ('invalid_grant: Token has been expired or revoked.', {'error': 'invalid_grant', 'error_description': 'Token has been ex) — retrying in 10.0s
2026-03-07 17:05:11: 2026-03-07 17:05:11 [error_recovery] WARNING: [YouTube.search.list] attempt 2/3 failed (RefreshError: ('invalid_grant: Token has been expired or revoked.', {'error': 'invalid_grant', 'error_description': 'Token has been ex) — retrying in 19.8s
2026-03-07 17:05:35: 2026-03-07 17:05:35 [error_recovery] ERROR: [YouTube.search.list] failed after 3 attempt(s): ('invalid_grant: Token has been expired or revoked.', {'error': 'invalid_grant', 'error_description': 'Token has been expired or revoked.'})
2026-03-07 19:50:51: 2026-03-07 19:50:51 [error_recovery] WARNING: [YouTube.search.list] attempt 1/3 failed (gaierror: [Errno -3] Temporary failure in name resolution) — retrying in 10.0s
2026-03-07 19:52:23: 2026-03-07 19:51:41 [error_recovery] WARNING: [YouTube.search.list] attempt 2/3 failed (TransportError: Unable to find the server at oauth2.googleapis.com) — retrying in 19.7s
2026-03-07 19:52:38: 2026-03-07 19:52:38 [error_recovery] ERROR: [YouTube.search.list] failed after 3 attempt(s): Unable to find the server at oauth2.googleapis.com
2026-03-07 19:58:27: 2026-03-07 19:58:27 [error_recovery] WARNING: [YouTube.search.list] attempt 1/3 failed (RefreshError: ('invalid_grant: Token has been expired or revoked.', {'error': 'invalid_grant', 'error_description': 'Token has been ex) — retrying in 10.0s
2026-03-07 19:58:43: 2026-03-07 19:58:43 [error_recovery] WARNING: [YouTube.search.list] attempt 2/3 failed (RefreshError: ('invalid_grant: Token has been expired or revoked.', {'error': 'invalid_grant', 'error_description': 'Token has been ex) — retrying in 19.6s
2026-03-07 19:59:06: 2026-03-07 19:59:06 [error_recovery] ERROR: [YouTube.search.list] failed after 3 attempt(s): ('invalid_grant: Token has been expired or revoked.', {'error': 'invalid_grant', 'error_description': 'Token has been expired or revoked.'})
2026-03-07 20:04:44: 2026-03-07 20:04:44 [error_recovery] WARNING: [YouTube.search.list] attempt 1/3 failed (RefreshError: ('invalid_grant: Token has been expired or revoked.', {'error': 'invalid_grant', 'error_description': 'Token has been ex) — retrying in 10.0s
2026-03-07 20:04:55: 2026-03-07 20:04:55 [error_recovery] WARNING: [YouTube.search.list] attempt 2/3 failed (RefreshError: ('invalid_grant: Token has been expired or revoked.', {'error': 'invalid_grant', 'error_description': 'Token has been ex) — retrying in 20.3s
2026-03-07 20:05:19: 2026-03-07 20:05:19 [error_recovery] ERROR: [YouTube.search.list] failed after 3 attempt(s): ('invalid_grant: Token has been expired or revoked.', {'error': 'invalid_grant', 'error_description': 'Token has been expired or revoked.'})
2026-03-07 20:10:53: 2026-03-07 20:10:53 [error_recovery] WARNING: [YouTube.search.list] attempt 1/3 failed (RefreshError: ('invalid_grant: Token has been expired or revoked.', {'error': 'invalid_grant', 'error_description': 'Token has been ex) — retrying in 10.0s
2026-03-07 20:11:03: 2026-03-07 20:11:03 [error_recovery] WARNING: [YouTube.search.list] attempt 2/3 failed (RefreshError: ('invalid_grant: Token has been expired or revoked.', {'error': 'invalid_grant', 'error_description': 'Token has been ex) — retrying in 20.3s
2026-03-07 20:11:28: 2026-03-07 20:11:28 [error_recovery] ERROR: [YouTube.search.list] failed after 3 attempt(s): ('invalid_grant: Token has been expired or revoked.', {'error': 'invalid_grant', 'error_description': 'Token has been expired or revoked.'})
2026-03-07 20:17:06: 2026-03-07 20:17:06 [error_recovery] WARNING: [YouTube.search.list] attempt 1/3 failed (RefreshError: ('invalid_grant: Token has been expired or revoked.', {'error': 'invalid_grant', 'error_description': 'Token has been ex) — retrying in 10.1s
2026-03-07 20:17:20: 2026-03-07 20:17:17 [error_recovery] WARNING: [YouTube.search.list] attempt 2/3 failed (RefreshError: ('invalid_grant: Token has been expired or revoked.', {'error': 'invalid_grant', 'error_description': 'Token has been ex) — retrying in 19.7s
2026-03-07 20:17:40: 2026-03-07 20:17:40 [error_recovery] ERROR: [YouTube.search.list] failed after 3 attempt(s): ('invalid_grant: Token has been expired or revoked.', {'error': 'invalid_grant', 'error_description': 'Token has been expired or revoked.'})
2026-03-07 20:23:38: 2026-03-07 20:23:38 [error_recovery] WARNING: [YouTube.search.list] attempt 1/3 failed (RefreshError: ('invalid_grant: Token has been expired or revoked.', {'error': 'invalid_grant', 'error_description': 'Token has been ex) — retrying in 9.7s
2026-03-07 20:23:49: 2026-03-07 20:23:49 [error_recovery] WARNING: [YouTube.search.list] attempt 2/3 failed (RefreshError: ('invalid_grant: Token has been expired or revoked.', {'error': 'invalid_grant', 'error_description': 'Token has been ex) — retrying in 20.2s
2026-03-07 20:24:13: 2026-03-07 20:24:13 [error_recovery] ERROR: [YouTube.search.list] failed after 3 attempt(s): ('invalid_grant: Token has been expired or revoked.', {'error': 'invalid_grant', 'error_description': 'Token has been expired or revoked.'})
2026-03-07 20:29:47: 2026-03-07 20:29:47 [error_recovery] WARNING: [YouTube.search.list] attempt 1/3 failed (RefreshError: ('invalid_grant: Token has been expired or revoked.', {'error': 'invalid_grant', 'error_description': 'Token has been ex) — retrying in 10.2s
2026-03-07 20:29:57: 2026-03-07 20:29:57 [error_recovery] WARNING: [YouTube.search.list] attempt 2/3 failed (RefreshError: ('invalid_grant: Token has been expired or revoked.', {'error': 'invalid_grant', 'error_description': 'Token has been ex) — retrying in 20.1s
2026-03-07 20:30:22: 2026-03-07 20:30:21 [error_recovery] ERROR: [YouTube.search.list] failed after 3 attempt(s): ('invalid_grant: Token has been expired or revoked.', {'error': 'invalid_grant', 'error_description': 'Token has been expired or revoked.'})
2026-03-07 20:35:56: 2026-03-07 20:35:56 [error_recovery] WARNING: [YouTube.search.list] attempt 1/3 failed (RefreshError: ('invalid_grant: Token has been expired or revoked.', {'error': 'invalid_grant', 'error_description': 'Token has been ex) — retrying in 10.3s
2026-03-07 20:36:07: 2026-03-07 20:36:07 [error_recovery] WARNING: [YouTube.search.list] attempt 2/3 failed (RefreshError: ('invalid_grant: Token has been expired or revoked.', {'error': 'invalid_grant', 'error_description': 'Token has been ex) — retrying in 20.1s
2026-03-07 20:36:30: 2026-03-07 20:36:30 [error_recovery] ERROR: [YouTube.search.list] failed after 3 attempt(s): ('invalid_grant: Token has been expired or revoked.', {'error': 'invalid_grant', 'error_description': 'Token has been expired or revoked.'})
2026-03-07 20:42:06: 2026-03-07 20:42:06 [error_recovery] WARNING: [YouTube.search.list] attempt 1/3 failed (RefreshError: ('invalid_grant: Token has been expired or revoked.', {'error': 'invalid_grant', 'error_description': 'Token has been ex) — retrying in 9.8s
2026-03-07 20:42:16: 2026-03-07 20:42:16 [error_recovery] WARNING: [YouTube.search.list] attempt 2/3 failed (RefreshError: ('invalid_grant: Token has been expired or revoked.', {'error': 'invalid_grant', 'error_description': 'Token has been ex) — retrying in 20.2s
2026-03-07 20:42:40: 2026-03-07 20:42:40 [error_recovery] ERROR: [YouTube.search.list] failed after 3 attempt(s): ('invalid_grant: Token has been expired or revoked.', {'error': 'invalid_grant', 'error_description': 'Token has been expired or revoked.'})
2026-03-07 20:48:14: 2026-03-07 20:48:14 [error_recovery] WARNING: [YouTube.search.list] attempt 1/3 failed (RefreshError: ('invalid_grant: Token has been expired or revoked.', {'error': 'invalid_grant', 'error_description': 'Token has been ex) — retrying in 10.5s
2026-03-07 20:48:25: 2026-03-07 20:48:25 [error_recovery] WARNING: [YouTube.search.list] attempt 2/3 failed (RefreshError: ('invalid_grant: Token has been expired or revoked.', {'error': 'invalid_grant', 'error_description': 'Token has been ex) — retrying in 20.1s
2026-03-07 20:48:49: 2026-03-07 20:48:49 [error_recovery] ERROR: [YouTube.search.list] failed after 3 attempt(s): ('invalid_grant: Token has been expired or revoked.', {'error': 'invalid_grant', 'error_description': 'Token has been expired or revoked.'})
2026-03-07 20:54:23: 2026-03-07 20:54:23 [error_recovery] WARNING: [YouTube.search.list] attempt 1/3 failed (RefreshError: ('invalid_grant: Token has been expired or revoked.', {'error': 'invalid_grant', 'error_description': 'Token has been ex) — retrying in 9.8s
2026-03-07 20:54:33: 2026-03-07 20:54:33 [error_recovery] WARNING: [YouTube.search.list] attempt 2/3 failed (RefreshError: ('invalid_grant: Token has been expired or revoked.', {'error': 'invalid_grant', 'error_description': 'Token has been ex) — retrying in 20.2s
2026-03-07 20:54:57: 2026-03-07 20:54:57 [error_recovery] ERROR: [YouTube.search.list] failed after 3 attempt(s): ('invalid_grant: Token has been expired or revoked.', {'error': 'invalid_grant', 'error_description': 'Token has been expired or revoked.'})
2026-03-07 21:00:31: 2026-03-07 21:00:31 [error_recovery] WARNING: [YouTube.search.list] attempt 1/3 failed (RefreshError: ('invalid_grant: Token has been expired or revoked.', {'error': 'invalid_grant', 'error_description': 'Token has been ex) — retrying in 10.5s
2026-03-07 21:00:41: 2026-03-07 21:00:41 [error_recovery] WARNING: [YouTube.search.list] attempt 2/3 failed (RefreshError: ('invalid_grant: Token has been expired or revoked.', {'error': 'invalid_grant', 'error_description': 'Token has been ex) — retrying in 19.5s
2026-03-07 21:01:05: 2026-03-07 21:01:05 [error_recovery] ERROR: [YouTube.search.list] failed after 3 attempt(s): ('invalid_grant: Token has been expired or revoked.', {'error': 'invalid_grant', 'error_description': 'Token has been expired or revoked.'})
2026-03-07 21:06:40: 2026-03-07 21:06:40 [error_recovery] WARNING: [YouTube.search.list] attempt 1/3 failed (RefreshError: ('invalid_grant: Token has been expired or revoked.', {'error': 'invalid_grant', 'error_description': 'Token has been ex) — retrying in 9.9s
2026-03-07 21:06:50: 2026-03-07 21:06:50 [error_recovery] WARNING: [YouTube.search.list] attempt 2/3 failed (RefreshError: ('invalid_grant: Token has been expired or revoked.', {'error': 'invalid_grant', 'error_description': 'Token has been ex) — retrying in 20.0s
2026-03-07 21:07:15: 2026-03-07 21:07:15 [error_recovery] ERROR: [YouTube.search.list] failed after 3 attempt(s): ('invalid_grant: Token has been expired or revoked.', {'error': 'invalid_grant', 'error_description': 'Token has been expired or revoked.'})
2026-03-07 21:12:49: 2026-03-07 21:12:49 [error_recovery] WARNING: [YouTube.search.list] attempt 1/3 failed (RefreshError: ('invalid_grant: Token has been expired or revoked.', {'error': 'invalid_grant', 'error_description': 'Token has been ex) — retrying in 9.7s
2026-03-07 21:12:59: 2026-03-07 21:12:59 [error_recovery] WARNING: [YouTube.search.list] attempt 2/3 failed (RefreshError: ('invalid_grant: Token has been expired or revoked.', {'error': 'invalid_grant', 'error_description': 'Token has been ex) — retrying in 19.6s
2026-03-07 21:13:23: 2026-03-07 21:13:23 [error_recovery] ERROR: [YouTube.search.list] failed after 3 attempt(s): ('invalid_grant: Token has been expired or revoked.', {'error': 'invalid_grant', 'error_description': 'Token has been expired or revoked.'})
2026-03-07 21:18:57: 2026-03-07 21:18:57 [error_recovery] WARNING: [YouTube.search.list] attempt 1/3 failed (RefreshError: ('invalid_grant: Token has been expired or revoked.', {'error': 'invalid_grant', 'error_description': 'Token has been ex) — retrying in 9.9s
2026-03-07 21:19:11: 2026-03-07 21:19:11 [error_recovery] WARNING: [YouTube.search.list] attempt 2/3 failed (RefreshError: ('invalid_grant: Token has been expired or revoked.', {'error': 'invalid_grant', 'error_description': 'Token has been ex) — retrying in 19.7s
2026-03-07 21:19:31: 2026-03-07 21:19:31 [error_recovery] ERROR: [YouTube.search.list] failed after 3 attempt(s): ('invalid_grant: Token has been expired or revoked.', {'error': 'invalid_grant', 'error_description': 'Token has been expired or revoked.'})
2026-03-07 21:25:05: 2026-03-07 21:25:05 [error_recovery] WARNING: [YouTube.search.list] attempt 1/3 failed (RefreshError: ('invalid_grant: Token has been expired or revoked.', {'error': 'invalid_grant', 'error_description': 'Token has been ex) — retrying in 9.7s
2026-03-07 21:25:18: 2026-03-07 21:25:18 [error_recovery] WARNING: [YouTube.search.list] attempt 2/3 failed (RefreshError: ('invalid_grant: Token has been expired or revoked.', {'error': 'invalid_grant', 'error_description': 'Token has been ex) — retrying in 20.3s
2026-03-07 21:25:38: 2026-03-07 21:25:38 [error_recovery] ERROR: [YouTube.search.list] failed after 3 attempt(s): ('invalid_grant: Token has been expired or revoked.', {'error': 'invalid_grant', 'error_description': 'Token has been expired or revoked.'})
2026-03-07 21:31:12: 2026-03-07 21:31:12 [error_recovery] WARNING: [YouTube.search.list] attempt 1/3 failed (RefreshError: ('invalid_grant: Token has been expired or revoked.', {'error': 'invalid_grant', 'error_description': 'Token has been ex) — retrying in 9.9s
2026-03-07 21:31:26: 2026-03-07 21:31:26 [error_recovery] WARNING: [YouTube.search.list] attempt 2/3 failed (RefreshError: ('invalid_grant: Token has been expired or revoked.', {'error': 'invalid_grant', 'error_description': 'Token has been ex) — retrying in 19.6s
2026-03-07 21:31:46: 2026-03-07 21:31:46 [error_recovery] ERROR: [YouTube.search.list] failed after 3 attempt(s): ('invalid_grant: Token has been expired or revoked.', {'error': 'invalid_grant', 'error_description': 'Token has been expired or revoked.'})
2026-03-07 21:37:22: 2026-03-07 21:37:22 [error_recovery] WARNING: [YouTube.search.list] attempt 1/3 failed (RefreshError: ('invalid_grant: Token has been expired or revoked.', {'error': 'invalid_grant', 'error_description': 'Token has been ex) — retrying in 9.8s
2026-03-07 21:37:32: 2026-03-07 21:37:32 [error_recovery] WARNING: [YouTube.search.list] attempt 2/3 failed (RefreshError: ('invalid_grant: Token has been expired or revoked.', {'error': 'invalid_grant', 'error_description': 'Token has been ex) — retrying in 20.2s
2026-03-07 21:37:57: 2026-03-07 21:37:57 [error_recovery] ERROR: [YouTube.search.list] failed after 3 attempt(s): ('invalid_grant: Token has been expired or revoked.', {'error': 'invalid_grant', 'error_description': 'Token has been expired or revoked.'})
2026-03-07 21:43:32: 2026-03-07 21:43:32 [error_recovery] WARNING: [YouTube.search.list] attempt 1/3 failed (RefreshError: ('invalid_grant: Token has been expired or revoked.', {'error': 'invalid_grant', 'error_description': 'Token has been ex) — retrying in 9.5s
2026-03-07 21:43:41: 2026-03-07 21:43:41 [error_recovery] WARNING: [YouTube.search.list] attempt 2/3 failed (RefreshError: ('invalid_grant: Token has been expired or revoked.', {'error': 'invalid_grant', 'error_description': 'Token has been ex) — retrying in 20.0s
2026-03-07 21:44:05: 2026-03-07 21:44:05 [error_recovery] ERROR: [YouTube.search.list] failed after 3 attempt(s): ('invalid_grant: Token has been expired or revoked.', {'error': 'invalid_grant', 'error_description': 'Token has been expired or revoked.'})
2026-03-07 21:49:39: 2026-03-07 21:49:39 [error_recovery] WARNING: [YouTube.search.list] attempt 1/3 failed (RefreshError: ('invalid_grant: Token has been expired or revoked.', {'error': 'invalid_grant', 'error_description': 'Token has been ex) — retrying in 10.4s
2026-03-07 21:49:50: 2026-03-07 21:49:50 [error_recovery] WARNING: [YouTube.search.list] attempt 2/3 failed (RefreshError: ('invalid_grant: Token has been expired or revoked.', {'error': 'invalid_grant', 'error_description': 'Token has been ex) — retrying in 19.7s
2026-03-07 21:50:13: 2026-03-07 21:50:13 [error_recovery] ERROR: [YouTube.search.list] failed after 3 attempt(s): ('invalid_grant: Token has been expired or revoked.', {'error': 'invalid_grant', 'error_description': 'Token has been expired or revoked.'})
2026-03-07 21:55:47: 2026-03-07 21:55:47 [error_recovery] WARNING: [YouTube.search.list] attempt 1/3 failed (RefreshError: ('invalid_grant: Token has been expired or revoked.', {'error': 'invalid_grant', 'error_description': 'Token has been ex) — retrying in 9.8s
2026-03-07 21:55:57: 2026-03-07 21:55:57 [error_recovery] WARNING: [YouTube.search.list] attempt 2/3 failed (RefreshError: ('invalid_grant: Token has been expired or revoked.', {'error': 'invalid_grant', 'error_description': 'Token has been ex) — retrying in 20.4s
2026-03-07 21:56:21: 2026-03-07 21:56:21 [error_recovery] ERROR: [YouTube.search.list] failed after 3 attempt(s): ('invalid_grant: Token has been expired or revoked.', {'error': 'invalid_grant', 'error_description': 'Token has been expired or revoked.'})
2026-03-07 22:01:55: 2026-03-07 22:01:55 [error_recovery] WARNING: [YouTube.search.list] attempt 1/3 failed (RefreshError: ('invalid_grant: Token has been expired or revoked.', {'error': 'invalid_grant', 'error_description': 'Token has been ex) — retrying in 10.1s
2026-03-07 22:02:05: 2026-03-07 22:02:05 [error_recovery] WARNING: [YouTube.search.list] attempt 2/3 failed (RefreshError: ('invalid_grant: Token has been expired or revoked.', {'error': 'invalid_grant', 'error_description': 'Token has been ex) — retrying in 20.0s
2026-03-07 22:02:29: 2026-03-07 22:02:29 [error_recovery] ERROR: [YouTube.search.list] failed after 3 attempt(s): ('invalid_grant: Token has been expired or revoked.', {'error': 'invalid_grant', 'error_description': 'Token has been expired or revoked.'})
2026-03-07 22:08:03: 2026-03-07 22:08:03 [error_recovery] WARNING: [YouTube.search.list] attempt 1/3 failed (RefreshError: ('invalid_grant: Token has been expired or revoked.', {'error': 'invalid_grant', 'error_description': 'Token has been ex) — retrying in 10.3s
2026-03-07 22:08:13: 2026-03-07 22:08:13 [error_recovery] WARNING: [YouTube.search.list] attempt 2/3 failed (RefreshError: ('invalid_grant: Token has been expired or revoked.', {'error': 'invalid_grant', 'error_description': 'Token has been ex) — retrying in 19.6s
2026-03-07 22:08:36: 2026-03-07 22:08:36 [error_recovery] ERROR: [YouTube.search.list] failed after 3 attempt(s): ('invalid_grant: Token has been expired or revoked.', {'error': 'invalid_grant', 'error_description': 'Token has been expired or revoked.'})
2026-03-07 22:14:11: 2026-03-07 22:14:11 [error_recovery] WARNING: [YouTube.search.list] attempt 1/3 failed (RefreshError: ('invalid_grant: Token has been expired or revoked.', {'error': 'invalid_grant', 'error_description': 'Token has been ex) — retrying in 10.1s
2026-03-07 22:14:24: 2026-03-07 22:14:24 [error_recovery] WARNING: [YouTube.search.list] attempt 2/3 failed (RefreshError: ('invalid_grant: Token has been expired or revoked.', {'error': 'invalid_grant', 'error_description': 'Token has been ex) — retrying in 19.9s
2026-03-07 22:14:44: 2026-03-07 22:14:44 [error_recovery] ERROR: [YouTube.search.list] failed after 3 attempt(s): ('invalid_grant: Token has been expired or revoked.', {'error': 'invalid_grant', 'error_description': 'Token has been expired or revoked.'})
2026-03-07 22:20:19: 2026-03-07 22:20:19 [error_recovery] WARNING: [YouTube.search.list] attempt 1/3 failed (RefreshError: ('invalid_grant: Token has been expired or revoked.', {'error': 'invalid_grant', 'error_description': 'Token has been ex) — retrying in 10.0s
2026-03-07 22:20:32: 2026-03-07 22:20:32 [error_recovery] WARNING: [YouTube.search.list] attempt 2/3 failed (RefreshError: ('invalid_grant: Token has been expired or revoked.', {'error': 'invalid_grant', 'error_description': 'Token has been ex) — retrying in 19.6s
2026-03-07 22:20:52: 2026-03-07 22:20:52 [error_recovery] ERROR: [YouTube.search.list] failed after 3 attempt(s): ('invalid_grant: Token has been expired or revoked.', {'error': 'invalid_grant', 'error_description': 'Token has been expired or revoked.'})
2026-03-07 22:26:26: 2026-03-07 22:26:26 [error_recovery] WARNING: [YouTube.search.list] attempt 1/3 failed (RefreshError: ('invalid_grant: Token has been expired or revoked.', {'error': 'invalid_grant', 'error_description': 'Token has been ex) — retrying in 10.0s
2026-03-07 22:26:39: 2026-03-07 22:26:39 [error_recovery] WARNING: [YouTube.search.list] attempt 2/3 failed (RefreshError: ('invalid_grant: Token has been expired or revoked.', {'error': 'invalid_grant', 'error_description': 'Token has been ex) — retrying in 20.3s
2026-03-07 22:27:00: 2026-03-07 22:27:00 [error_recovery] ERROR: [YouTube.search.list] failed after 3 attempt(s): ('invalid_grant: Token has been expired or revoked.', {'error': 'invalid_grant', 'error_description': 'Token has been expired or revoked.'})
2026-03-07 22:32:34: 2026-03-07 22:32:34 [error_recovery] WARNING: [YouTube.search.list] attempt 1/3 failed (RefreshError: ('invalid_grant: Token has been expired or revoked.', {'error': 'invalid_grant', 'error_description': 'Token has been ex) — retrying in 10.3s
2026-03-07 22:32:48: 2026-03-07 22:32:48 [error_recovery] WARNING: [YouTube.search.list] attempt 2/3 failed (RefreshError: ('invalid_grant: Token has been expired or revoked.', {'error': 'invalid_grant', 'error_description': 'Token has been ex) — retrying in 20.0s
2026-03-07 22:33:08: 2026-03-07 22:33:08 [error_recovery] ERROR: [YouTube.search.list] failed after 3 attempt(s): ('invalid_grant: Token has been expired or revoked.', {'error': 'invalid_grant', 'error_description': 'Token has been expired or revoked.'})
2026-03-07 22:38:40: 2026-03-07 22:38:39 [error_recovery] WARNING: [YouTube.search.list] attempt 1/3 failed (RefreshError: ('invalid_grant: Token has been expired or revoked.', {'error': 'invalid_grant', 'error_description': 'Token has been ex) — retrying in 10.1s
2026-03-07 22:38:51: 2026-03-07 22:38:51 [error_recovery] WARNING: [YouTube.search.list] attempt 2/3 failed (RefreshError: ('invalid_grant: Token has been expired or revoked.', {'error': 'invalid_grant', 'error_description': 'Token has been ex) — retrying in 19.9s
2026-03-07 22:39:11: 2026-03-07 22:39:11 [error_recovery] ERROR: [YouTube.search.list] failed after 3 attempt(s): ('invalid_grant: Token has been expired or revoked.', {'error': 'invalid_grant', 'error_description': 'Token has been expired or revoked.'})
2026-03-07 22:44:25: 2026-03-07 22:44:25 [error_recovery] WARNING: [YouTube.search.list] attempt 1/3 failed (RefreshError: ('invalid_grant: Token has been expired or revoked.', {'error': 'invalid_grant', 'error_description': 'Token has been ex) — retrying in 9.6s
2026-03-07 22:44:37: 2026-03-07 22:44:37 [error_recovery] WARNING: [YouTube.search.list] attempt 2/3 failed (RefreshError: ('invalid_grant: Token has been expired or revoked.', {'error': 'invalid_grant', 'error_description': 'Token has been ex) — retrying in 19.8s
2026-03-07 22:44:56: 2026-03-07 22:44:56 [error_recovery] ERROR: [YouTube.search.list] failed after 3 attempt(s): ('invalid_grant: Token has been expired or revoked.', {'error': 'invalid_grant', 'error_description': 'Token has been expired or revoked.'})
2026-03-07 22:50:07: 2026-03-07 22:50:07 [error_recovery] WARNING: [YouTube.search.list] attempt 1/3 failed (RefreshError: ('invalid_grant: Token has been expired or revoked.', {'error': 'invalid_grant', 'error_description': 'Token has been ex) — retrying in 9.8s
2026-03-07 22:50:18: 2026-03-07 22:50:18 [error_recovery] WARNING: [YouTube.search.list] attempt 2/3 failed (RefreshError: ('invalid_grant: Token has been expired or revoked.', {'error': 'invalid_grant', 'error_description': 'Token has been ex) — retrying in 19.5s
2026-03-07 22:50:38: 2026-03-07 22:50:38 [error_recovery] ERROR: [YouTube.search.list] failed after 3 attempt(s): ('invalid_grant: Token has been expired or revoked.', {'error': 'invalid_grant', 'error_description': 'Token has been expired or revoked.'})
2026-03-07 22:55:46: 2026-03-07 22:55:46 [error_recovery] WARNING: [YouTube.search.list] attempt 1/3 failed (RefreshError: ('invalid_grant: Token has been expired or revoked.', {'error': 'invalid_grant', 'error_description': 'Token has been ex) — retrying in 9.7s
2026-03-07 22:55:56: 2026-03-07 22:55:56 [error_recovery] WARNING: [YouTube.search.list] attempt 2/3 failed (RefreshError: ('invalid_grant: Token has been expired or revoked.', {'error': 'invalid_grant', 'error_description': 'Token has been ex) — retrying in 20.2s
2026-03-07 22:56:16: 2026-03-07 22:56:16 [error_recovery] ERROR: [YouTube.search.list] failed after 3 attempt(s): ('invalid_grant: Token has been expired or revoked.', {'error': 'invalid_grant', 'error_description': 'Token has been expired or revoked.'})
2026-03-07 23:01:20: 2026-03-07 23:01:20 [error_recovery] WARNING: [YouTube.search.list] attempt 1/3 failed (RefreshError: ('invalid_grant: Token has been expired or revoked.', {'error': 'invalid_grant', 'error_description': 'Token has been ex) — retrying in 9.8s
2026-03-07 23:01:30: 2026-03-07 23:01:30 [error_recovery] WARNING: [YouTube.search.list] attempt 2/3 failed (RefreshError: ('invalid_grant: Token has been expired or revoked.', {'error': 'invalid_grant', 'error_description': 'Token has been ex) — retrying in 20.0s
2026-03-07 23:01:50: 2026-03-07 23:01:50 [error_recovery] ERROR: [YouTube.search.list] failed after 3 attempt(s): ('invalid_grant: Token has been expired or revoked.', {'error': 'invalid_grant', 'error_description': 'Token has been expired or revoked.'})
2026-03-07 23:06:51: 2026-03-07 23:06:51 [error_recovery] WARNING: [YouTube.search.list] attempt 1/3 failed (RefreshError: ('invalid_grant: Token has been expired or revoked.', {'error': 'invalid_grant', 'error_description': 'Token has been ex) — retrying in 10.1s
2026-03-07 23:07:01: 2026-03-07 23:07:01 [error_recovery] WARNING: [YouTube.search.list] attempt 2/3 failed (RefreshError: ('invalid_grant: Token has been expired or revoked.', {'error': 'invalid_grant', 'error_description': 'Token has been ex) — retrying in 19.7s
2026-03-07 23:07:21: 2026-03-07 23:07:21 [error_recovery] ERROR: [YouTube.search.list] failed after 3 attempt(s): ('invalid_grant: Token has been expired or revoked.', {'error': 'invalid_grant', 'error_description': 'Token has been expired or revoked.'})
2026-03-07 23:12:23: 2026-03-07 23:12:23 [error_recovery] WARNING: [YouTube.search.list] attempt 1/3 failed (RefreshError: ('invalid_grant: Token has been expired or revoked.', {'error': 'invalid_grant', 'error_description': 'Token has been ex) — retrying in 9.7s
2026-03-07 23:12:33: 2026-03-07 23:12:33 [error_recovery] WARNING: [YouTube.search.list] attempt 2/3 failed (RefreshError: ('invalid_grant: Token has been expired or revoked.', {'error': 'invalid_grant', 'error_description': 'Token has been ex) — retrying in 20.3s
2026-03-07 23:12:53: 2026-03-07 23:12:53 [error_recovery] ERROR: [YouTube.search.list] failed after 3 attempt(s): ('invalid_grant: Token has been expired or revoked.', {'error': 'invalid_grant', 'error_description': 'Token has been expired or revoked.'})
2026-03-07 23:17:55: 2026-03-07 23:17:55 [error_recovery] WARNING: [YouTube.search.list] attempt 1/3 failed (RefreshError: ('invalid_grant: Token has been expired or revoked.', {'error': 'invalid_grant', 'error_description': 'Token has been ex) — retrying in 10.2s
2026-03-07 23:18:05: 2026-03-07 23:18:05 [error_recovery] WARNING: [YouTube.search.list] attempt 2/3 failed (RefreshError: ('invalid_grant: Token has been expired or revoked.', {'error': 'invalid_grant', 'error_description': 'Token has been ex) — retrying in 20.0s
2026-03-07 23:18:26: 2026-03-07 23:18:26 [error_recovery] ERROR: [YouTube.search.list] failed after 3 attempt(s): ('invalid_grant: Token has been expired or revoked.', {'error': 'invalid_grant', 'error_description': 'Token has been expired or revoked.'})
2026-03-07 23:23:27: 2026-03-07 23:23:27 [error_recovery] WARNING: [YouTube.search.list] attempt 1/3 failed (RefreshError: ('invalid_grant: Token has been expired or revoked.', {'error': 'invalid_grant', 'error_description': 'Token has been ex) — retrying in 10.4s
2026-03-07 23:23:37: 2026-03-07 23:23:37 [error_recovery] WARNING: [YouTube.search.list] attempt 2/3 failed (RefreshError: ('invalid_grant: Token has been expired or revoked.', {'error': 'invalid_grant', 'error_description': 'Token has been ex) — retrying in 20.1s
2026-03-07 23:23:57: 2026-03-07 23:23:57 [error_recovery] ERROR: [YouTube.search.list] failed after 3 attempt(s): ('invalid_grant: Token has been expired or revoked.', {'error': 'invalid_grant', 'error_description': 'Token has been expired or revoked.'})
2026-03-07 23:28:58: 2026-03-07 23:28:58 [error_recovery] WARNING: [YouTube.search.list] attempt 1/3 failed (RefreshError: ('invalid_grant: Token has been expired or revoked.', {'error': 'invalid_grant', 'error_description': 'Token has been ex) — retrying in 9.7s
2026-03-07 23:29:08: 2026-03-07 23:29:08 [error_recovery] WARNING: [YouTube.search.list] attempt 2/3 failed (RefreshError: ('invalid_grant: Token has been expired or revoked.', {'error': 'invalid_grant', 'error_description': 'Token has been ex) — retrying in 19.8s
2026-03-07 23:29:28: 2026-03-07 23:29:28 [error_recovery] ERROR: [YouTube.search.list] failed after 3 attempt(s): ('invalid_grant: Token has been expired or revoked.', {'error': 'invalid_grant', 'error_description': 'Token has been expired or revoked.'})
2026-03-07 23:34:36: 2026-03-07 23:34:36 [error_recovery] WARNING: [YouTube.search.list] attempt 1/3 failed (RefreshError: ('invalid_grant: Token has been expired or revoked.', {'error': 'invalid_grant', 'error_description': 'Token has been ex) — retrying in 10.3s
2026-03-07 23:34:46: 2026-03-07 23:34:46 [error_recovery] WARNING: [YouTube.search.list] attempt 2/3 failed (RefreshError: ('invalid_grant: Token has been expired or revoked.', {'error': 'invalid_grant', 'error_description': 'Token has been ex) — retrying in 20.0s
2026-03-07 23:35:07: 2026-03-07 23:35:07 [error_recovery] ERROR: [YouTube.search.list] failed after 3 attempt(s): ('invalid_grant: Token has been expired or revoked.', {'error': 'invalid_grant', 'error_description': 'Token has been expired or revoked.'})
2026-03-07 23:40:08: 2026-03-07 23:40:08 [error_recovery] WARNING: [YouTube.search.list] attempt 1/3 failed (RefreshError: ('invalid_grant: Token has been expired or revoked.', {'error': 'invalid_grant', 'error_description': 'Token has been ex) — retrying in 9.8s
2026-03-07 23:40:18: 2026-03-07 23:40:18 [error_recovery] WARNING: [YouTube.search.list] attempt 2/3 failed (RefreshError: ('invalid_grant: Token has been expired or revoked.', {'error': 'invalid_grant', 'error_description': 'Token has been ex) — retrying in 20.2s
2026-03-07 23:40:38: 2026-03-07 23:40:38 [error_recovery] ERROR: [YouTube.search.list] failed after 3 attempt(s): ('invalid_grant: Token has been expired or revoked.', {'error': 'invalid_grant', 'error_description': 'Token has been expired or revoked.'})
2026-03-07 23:45:39: 2026-03-07 23:45:39 [error_recovery] WARNING: [YouTube.search.list] attempt 1/3 failed (RefreshError: ('invalid_grant: Token has been expired or revoked.', {'error': 'invalid_grant', 'error_description': 'Token has been ex) — retrying in 10.1s
2026-03-07 23:45:50: 2026-03-07 23:45:50 [error_recovery] WARNING: [YouTube.search.list] attempt 2/3 failed (RefreshError: ('invalid_grant: Token has been expired or revoked.', {'error': 'invalid_grant', 'error_description': 'Token has been ex) — retrying in 19.8s
2026-03-07 23:46:10: 2026-03-07 23:46:10 [error_recovery] ERROR: [YouTube.search.list] failed after 3 attempt(s): ('invalid_grant: Token has been expired or revoked.', {'error': 'invalid_grant', 'error_description': 'Token has been expired or revoked.'})
2026-03-07 23:51:11: 2026-03-07 23:51:11 [error_recovery] WARNING: [YouTube.search.list] attempt 1/3 failed (RefreshError: ('invalid_grant: Token has been expired or revoked.', {'error': 'invalid_grant', 'error_description': 'Token has been ex) — retrying in 10.0s
2026-03-07 23:51:22: 2026-03-07 23:51:22 [error_recovery] WARNING: [YouTube.search.list] attempt 2/3 failed (RefreshError: ('invalid_grant: Token has been expired or revoked.', {'error': 'invalid_grant', 'error_description': 'Token has been ex) — retrying in 20.4s
2026-03-07 23:51:42: 2026-03-07 23:51:42 [error_recovery] ERROR: [YouTube.search.list] failed after 3 attempt(s): ('invalid_grant: Token has been expired or revoked.', {'error': 'invalid_grant', 'error_description': 'Token has been expired or revoked.'})
2026-03-07 23:56:43: 2026-03-07 23:56:43 [error_recovery] WARNING: [YouTube.search.list] attempt 1/3 failed (RefreshError: ('invalid_grant: Token has been expired or revoked.', {'error': 'invalid_grant', 'error_description': 'Token has been ex) — retrying in 10.0s
2026-03-07 23:56:53: 2026-03-07 23:56:53 [error_recovery] WARNING: [YouTube.search.list] attempt 2/3 failed (RefreshError: ('invalid_grant: Token has been expired or revoked.', {'error': 'invalid_grant', 'error_description': 'Token has been ex) — retrying in 19.6s
2026-03-07 23:57:13: 2026-03-07 23:57:13 [error_recovery] ERROR: [YouTube.search.list] failed after 3 attempt(s): ('invalid_grant: Token has been expired or revoked.', {'error': 'invalid_grant', 'error_description': 'Token has been expired or revoked.'})
2026-03-08 00:02:14: 2026-03-08 00:02:14 [error_recovery] WARNING: [YouTube.search.list] attempt 1/3 failed (RefreshError: ('invalid_grant: Token has been expired or revoked.', {'error': 'invalid_grant', 'error_description': 'Token has been ex) — retrying in 9.6s
2026-03-08 00:02:24: 2026-03-08 00:02:24 [error_recovery] WARNING: [YouTube.search.list] attempt 2/3 failed (RefreshError: ('invalid_grant: Token has been expired or revoked.', {'error': 'invalid_grant', 'error_description': 'Token has been ex) — retrying in 19.6s
2026-03-08 00:02:44: 2026-03-08 00:02:44 [error_recovery] ERROR: [YouTube.search.list] failed after 3 attempt(s): ('invalid_grant: Token has been expired or revoked.', {'error': 'invalid_grant', 'error_description': 'Token has been expired or revoked.'})
2026-03-08 00:07:45: 2026-03-08 00:07:45 [error_recovery] WARNING: [YouTube.search.list] attempt 1/3 failed (RefreshError: ('invalid_grant: Token has been expired or revoked.', {'error': 'invalid_grant', 'error_description': 'Token has been ex) — retrying in 10.2s
2026-03-08 00:07:55: 2026-03-08 00:07:55 [error_recovery] WARNING: [YouTube.search.list] attempt 2/3 failed (RefreshError: ('invalid_grant: Token has been expired or revoked.', {'error': 'invalid_grant', 'error_description': 'Token has been ex) — retrying in 20.1s
2026-03-08 00:08:15: 2026-03-08 00:08:15 [error_recovery] ERROR: [YouTube.search.list] failed after 3 attempt(s): ('invalid_grant: Token has been expired or revoked.', {'error': 'invalid_grant', 'error_description': 'Token has been expired or revoked.'})
2026-03-08 00:13:16: 2026-03-08 00:13:16 [error_recovery] WARNING: [YouTube.search.list] attempt 1/3 failed (RefreshError: ('invalid_grant: Token has been expired or revoked.', {'error': 'invalid_grant', 'error_description': 'Token has been ex) — retrying in 9.6s
2026-03-08 00:13:26: 2026-03-08 00:13:26 [error_recovery] WARNING: [YouTube.search.list] attempt 2/3 failed (RefreshError: ('invalid_grant: Token has been expired or revoked.', {'error': 'invalid_grant', 'error_description': 'Token has been ex) — retrying in 19.9s
2026-03-08 00:13:46: 2026-03-08 00:13:46 [error_recovery] ERROR: [YouTube.search.list] failed after 3 attempt(s): ('invalid_grant: Token has been expired or revoked.', {'error': 'invalid_grant', 'error_description': 'Token has been expired or revoked.'})
2026-03-08 00:18:48: 2026-03-08 00:18:48 [error_recovery] WARNING: [YouTube.search.list] attempt 1/3 failed (RefreshError: ('invalid_grant: Token has been expired or revoked.', {'error': 'invalid_grant', 'error_description': 'Token has been ex) — retrying in 9.7s
2026-03-08 00:18:58: 2026-03-08 00:18:58 [error_recovery] WARNING: [YouTube.search.list] attempt 2/3 failed (RefreshError: ('invalid_grant: Token has been expired or revoked.', {'error': 'invalid_grant', 'error_description': 'Token has been ex) — retrying in 20.4s
2026-03-08 00:19:19: 2026-03-08 00:19:19 [error_recovery] ERROR: [YouTube.search.list] failed after 3 attempt(s): ('invalid_grant: Token has been expired or revoked.', {'error': 'invalid_grant', 'error_description': 'Token has been expired or revoked.'})
2026-03-08 00:24:20: 2026-03-08 00:24:20 [error_recovery] WARNING: [YouTube.search.list] attempt 1/3 failed (RefreshError: ('invalid_grant: Token has been expired or revoked.', {'error': 'invalid_grant', 'error_description': 'Token has been ex) — retrying in 9.8s
2026-03-08 00:24:30: 2026-03-08 00:24:30 [error_recovery] WARNING: [YouTube.search.list] attempt 2/3 failed (RefreshError: ('invalid_grant: Token has been expired or revoked.', {'error': 'invalid_grant', 'error_description': 'Token has been ex) — retrying in 20.2s
2026-03-08 00:24:50: 2026-03-08 00:24:50 [error_recovery] ERROR: [YouTube.search.list] failed after 3 attempt(s): ('invalid_grant: Token has been expired or revoked.', {'error': 'invalid_grant', 'error_description': 'Token has been expired or revoked.'})
2026-03-08 00:29:52: 2026-03-08 00:29:52 [error_recovery] WARNING: [YouTube.search.list] attempt 1/3 failed (RefreshError: ('invalid_grant: Token has been expired or revoked.', {'error': 'invalid_grant', 'error_description': 'Token has been ex) — retrying in 10.1s
2026-03-08 00:30:02: 2026-03-08 00:30:02 [error_recovery] WARNING: [YouTube.search.list] attempt 2/3 failed (RefreshError: ('invalid_grant: Token has been expired or revoked.', {'error': 'invalid_grant', 'error_description': 'Token has been ex) — retrying in 19.5s
2026-03-08 00:30:22: 2026-03-08 00:30:22 [error_recovery] ERROR: [YouTube.search.list] failed after 3 attempt(s): ('invalid_grant: Token has been expired or revoked.', {'error': 'invalid_grant', 'error_description': 'Token has been expired or revoked.'})
2026-03-08 00:35:23: 2026-03-08 00:35:23 [error_recovery] WARNING: [YouTube.search.list] attempt 1/3 failed (RefreshError: ('invalid_grant: Token has been expired or revoked.', {'error': 'invalid_grant', 'error_description': 'Token has been ex) — retrying in 9.8s
2026-03-08 00:35:33: 2026-03-08 00:35:33 [error_recovery] WARNING: [YouTube.search.list] attempt 2/3 failed (RefreshError: ('invalid_grant: Token has been expired or revoked.', {'error': 'invalid_grant', 'error_description': 'Token has been ex) — retrying in 19.6s
2026-03-08 00:35:53: 2026-03-08 00:35:53 [error_recovery] ERROR: [YouTube.search.list] failed after 3 attempt(s): ('invalid_grant: Token has been expired or revoked.', {'error': 'invalid_grant', 'error_description': 'Token has been expired or revoked.'})
2026-03-08 00:40:54: 2026-03-08 00:40:54 [error_recovery] WARNING: [YouTube.search.list] attempt 1/3 failed (RefreshError: ('invalid_grant: Token has been expired or revoked.', {'error': 'invalid_grant', 'error_description': 'Token has been ex) — retrying in 10.0s
2026-03-08 00:41:04: 2026-03-08 00:41:04 [error_recovery] WARNING: [YouTube.search.list] attempt 2/3 failed (RefreshError: ('invalid_grant: Token has been expired or revoked.', {'error': 'invalid_grant', 'error_description': 'Token has been ex) — retrying in 20.0s
2026-03-08 00:41:24: 2026-03-08 00:41:24 [error_recovery] ERROR: [YouTube.search.list] failed after 3 attempt(s): ('invalid_grant: Token has been expired or revoked.', {'error': 'invalid_grant', 'error_description': 'Token has been expired or revoked.'})
2026-03-08 00:46:26: 2026-03-08 00:46:26 [error_recovery] WARNING: [YouTube.search.list] attempt 1/3 failed (RefreshError: ('invalid_grant: Token has been expired or revoked.', {'error': 'invalid_grant', 'error_description': 'Token has been ex) — retrying in 10.0s
2026-03-08 00:46:36: 2026-03-08 00:46:36 [error_recovery] WARNING: [YouTube.search.list] attempt 2/3 failed (RefreshError: ('invalid_grant: Token has been expired or revoked.', {'error': 'invalid_grant', 'error_description': 'Token has been ex) — retrying in 19.9s
2026-03-08 00:46:57: 2026-03-08 00:46:57 [error_recovery] ERROR: [YouTube.search.list] failed after 3 attempt(s): ('invalid_grant: Token has been expired or revoked.', {'error': 'invalid_grant', 'error_description': 'Token has been expired or revoked.'})
2026-03-08 00:51:58: 2026-03-08 00:51:58 [error_recovery] WARNING: [YouTube.search.list] attempt 1/3 failed (RefreshError: ('invalid_grant: Token has been expired or revoked.', {'error': 'invalid_grant', 'error_description': 'Token has been ex) — retrying in 10.0s
2026-03-08 00:52:08: 2026-03-08 00:52:08 [error_recovery] WARNING: [YouTube.search.list] attempt 2/3 failed (RefreshError: ('invalid_grant: Token has been expired or revoked.', {'error': 'invalid_grant', 'error_description': 'Token has been ex) — retrying in 19.9s
2026-03-08 00:52:28: 2026-03-08 00:52:28 [error_recovery] ERROR: [YouTube.search.list] failed after 3 attempt(s): ('invalid_grant: Token has been expired or revoked.', {'error': 'invalid_grant', 'error_description': 'Token has been expired or revoked.'})
2026-03-08 00:57:29: 2026-03-08 00:57:29 [error_recovery] WARNING: [YouTube.search.list] attempt 1/3 failed (RefreshError: ('invalid_grant: Token has been expired or revoked.', {'error': 'invalid_grant', 'error_description': 'Token has been ex) — retrying in 10.2s
2026-03-08 00:57:40: 2026-03-08 00:57:40 [error_recovery] WARNING: [YouTube.search.list] attempt 2/3 failed (RefreshError: ('invalid_grant: Token has been expired or revoked.', {'error': 'invalid_grant', 'error_description': 'Token has been ex) — retrying in 20.3s
2026-03-08 00:58:00: 2026-03-08 00:58:00 [error_recovery] ERROR: [YouTube.search.list] failed after 3 attempt(s): ('invalid_grant: Token has been expired or revoked.', {'error': 'invalid_grant', 'error_description': 'Token has been expired or revoked.'})
2026-03-08 01:03:02: 2026-03-08 01:03:02 [error_recovery] WARNING: [YouTube.search.list] attempt 1/3 failed (RefreshError: ('invalid_grant: Token has been expired or revoked.', {'error': 'invalid_grant', 'error_description': 'Token has been ex) — retrying in 9.6s
2026-03-08 01:03:12: 2026-03-08 01:03:12 [error_recovery] WARNING: [YouTube.search.list] attempt 2/3 failed (RefreshError: ('invalid_grant: Token has been expired or revoked.', {'error': 'invalid_grant', 'error_description': 'Token has been ex) — retrying in 20.3s
2026-03-08 01:03:32: 2026-03-08 01:03:32 [error_recovery] ERROR: [YouTube.search.list] failed after 3 attempt(s): ('invalid_grant: Token has been expired or revoked.', {'error': 'invalid_grant', 'error_description': 'Token has been expired or revoked.'})
2026-03-08 01:08:33: 2026-03-08 01:08:33 [error_recovery] WARNING: [YouTube.search.list] attempt 1/3 failed (RefreshError: ('invalid_grant: Token has been expired or revoked.', {'error': 'invalid_grant', 'error_description': 'Token has been ex) — retrying in 10.0s
2026-03-08 01:08:44: 2026-03-08 01:08:44 [error_recovery] WARNING: [YouTube.search.list] attempt 2/3 failed (RefreshError: ('invalid_grant: Token has been expired or revoked.', {'error': 'invalid_grant', 'error_description': 'Token has been ex) — retrying in 19.8s
2026-03-08 01:09:04: 2026-03-08 01:09:04 [error_recovery] ERROR: [YouTube.search.list] failed after 3 attempt(s): ('invalid_grant: Token has been expired or revoked.', {'error': 'invalid_grant', 'error_description': 'Token has been expired or revoked.'})
2026-03-08 01:14:05: 2026-03-08 01:14:05 [error_recovery] WARNING: [YouTube.search.list] attempt 1/3 failed (RefreshError: ('invalid_grant: Token has been expired or revoked.', {'error': 'invalid_grant', 'error_description': 'Token has been ex) — retrying in 10.4s
2026-03-08 01:14:15: 2026-03-08 01:14:15 [error_recovery] WARNING: [YouTube.search.list] attempt 2/3 failed (RefreshError: ('invalid_grant: Token has been expired or revoked.', {'error': 'invalid_grant', 'error_description': 'Token has been ex) — retrying in 19.9s
2026-03-08 01:14:35: 2026-03-08 01:14:35 [error_recovery] ERROR: [YouTube.search.list] failed after 3 attempt(s): ('invalid_grant: Token has been expired or revoked.', {'error': 'invalid_grant', 'error_description': 'Token has been expired or revoked.'})
2026-03-08 01:19:36: 2026-03-08 01:19:36 [error_recovery] WARNING: [YouTube.search.list] attempt 1/3 failed (RefreshError: ('invalid_grant: Token has been expired or revoked.', {'error': 'invalid_grant', 'error_description': 'Token has been ex) — retrying in 10.2s
2026-03-08 01:19:47: 2026-03-08 01:19:47 [error_recovery] WARNING: [YouTube.search.list] attempt 2/3 failed (RefreshError: ('invalid_grant: Token has been expired or revoked.', {'error': 'invalid_grant', 'error_description': 'Token has been ex) — retrying in 20.4s
2026-03-08 01:20:07: 2026-03-08 01:20:07 [error_recovery] ERROR: [YouTube.search.list] failed after 3 attempt(s): ('invalid_grant: Token has been expired or revoked.', {'error': 'invalid_grant', 'error_description': 'Token has been expired or revoked.'})
2026-03-08 01:25:08: 2026-03-08 01:25:08 [error_recovery] WARNING: [YouTube.search.list] attempt 1/3 failed (RefreshError: ('invalid_grant: Token has been expired or revoked.', {'error': 'invalid_grant', 'error_description': 'Token has been ex) — retrying in 9.5s
2026-03-08 01:25:25: 2026-03-08 01:25:25 [error_recovery] WARNING: [YouTube.search.list] attempt 2/3 failed (RefreshError: ('invalid_grant: Token has been expired or revoked.', {'error': 'invalid_grant', 'error_description': 'Token has been ex) — retrying in 19.8s
2026-03-08 01:25:45: 2026-03-08 01:25:45 [error_recovery] ERROR: [YouTube.search.list] failed after 3 attempt(s): ('invalid_grant: Token has been expired or revoked.', {'error': 'invalid_grant', 'error_description': 'Token has been expired or revoked.'})
2026-03-08 01:30:47: 2026-03-08 01:30:47 [error_recovery] WARNING: [YouTube.search.list] attempt 1/3 failed (RefreshError: ('invalid_grant: Token has been expired or revoked.', {'error': 'invalid_grant', 'error_description': 'Token has been ex) — retrying in 9.8s
2026-03-08 01:30:58: 2026-03-08 01:30:58 [error_recovery] WARNING: [YouTube.search.list] attempt 2/3 failed (RefreshError: ('invalid_grant: Token has been expired or revoked.', {'error': 'invalid_grant', 'error_description': 'Token has been ex) — retrying in 19.8s
2026-03-08 01:31:18: 2026-03-08 01:31:18 [error_recovery] ERROR: [YouTube.search.list] failed after 3 attempt(s): ('invalid_grant: Token has been expired or revoked.', {'error': 'invalid_grant', 'error_description': 'Token has been expired or revoked.'})
2026-03-08 01:36:20: 2026-03-08 01:36:20 [error_recovery] WARNING: [YouTube.search.list] attempt 1/3 failed (RefreshError: ('invalid_grant: Token has been expired or revoked.', {'error': 'invalid_grant', 'error_description': 'Token has been ex) — retrying in 10.1s
2026-03-08 01:36:30: 2026-03-08 01:36:30 [error_recovery] WARNING: [YouTube.search.list] attempt 2/3 failed (RefreshError: ('invalid_grant: Token has been expired or revoked.', {'error': 'invalid_grant', 'error_description': 'Token has been ex) — retrying in 20.3s
2026-03-08 01:36:51: 2026-03-08 01:36:51 [error_recovery] ERROR: [YouTube.search.list] failed after 3 attempt(s): ('invalid_grant: Token has been expired or revoked.', {'error': 'invalid_grant', 'error_description': 'Token has been expired or revoked.'})
2026-03-08 01:41:52: 2026-03-08 01:41:52 [error_recovery] WARNING: [YouTube.search.list] attempt 1/3 failed (RefreshError: ('invalid_grant: Token has been expired or revoked.', {'error': 'invalid_grant', 'error_description': 'Token has been ex) — retrying in 9.5s
2026-03-08 01:42:02: 2026-03-08 01:42:02 [error_recovery] WARNING: [YouTube.search.list] attempt 2/3 failed (RefreshError: ('invalid_grant: Token has been expired or revoked.', {'error': 'invalid_grant', 'error_description': 'Token has been ex) — retrying in 20.3s
2026-03-08 01:42:22: 2026-03-08 01:42:22 [error_recovery] ERROR: [YouTube.search.list] failed after 3 attempt(s): ('invalid_grant: Token has been expired or revoked.', {'error': 'invalid_grant', 'error_description': 'Token has been expired or revoked.'})
2026-04-16 19:51:06: 2026-04-16 19:51:06 [error_recovery] WARNING: [YouTube.search.list] attempt 1/3 failed (TimeoutError: The read operation timed out) — retrying in 10.4s
2026-04-16 19:53:28: 2026-04-16 19:53:28 [error_recovery] WARNING: [YouTube.search.list] attempt 2/3 failed (RefreshError: ('invalid_grant: Bad Request', {'error': 'invalid_grant', 'error_description': 'Bad Request'})) — retrying in 20.2s
2026-04-16 19:53:52: 2026-04-16 19:53:52 [error_recovery] ERROR: [YouTube.search.list] failed after 3 attempt(s): ('invalid_grant: Bad Request', {'error': 'invalid_grant', 'error_description': 'Bad Request'})
2026-04-16 19:59:21: 2026-04-16 19:59:20 [error_recovery] WARNING: [YouTube.search.list] attempt 1/3 failed (RefreshError: ('invalid_grant: Bad Request', {'error': 'invalid_grant', 'error_description': 'Bad Request'})) — retrying in 10.3s
2026-04-16 19:59:31: 2026-04-16 19:59:31 [error_recovery] WARNING: [YouTube.search.list] attempt 2/3 failed (RefreshError: ('invalid_grant: Bad Request', {'error': 'invalid_grant', 'error_description': 'Bad Request'})) — retrying in 19.8s
2026-04-16 19:59:52: 2026-04-16 19:59:52 [error_recovery] ERROR: [YouTube.search.list] failed after 3 attempt(s): ('invalid_grant: Bad Request', {'error': 'invalid_grant', 'error_description': 'Bad Request'})
2026-04-16 20:04:58: 2026-04-16 20:04:58 [error_recovery] WARNING: [YouTube.search.list] attempt 1/3 failed (RefreshError: ('invalid_grant: Bad Request', {'error': 'invalid_grant', 'error_description': 'Bad Request'})) — retrying in 10.1s
2026-04-16 20:05:08: 2026-04-16 20:05:08 [error_recovery] WARNING: [YouTube.search.list] attempt 2/3 failed (RefreshError: ('invalid_grant: Bad Request', {'error': 'invalid_grant', 'error_description': 'Bad Request'})) — retrying in 19.9s
2026-04-16 20:05:35: 2026-04-16 20:05:34 [error_recovery] ERROR: [YouTube.search.list] failed after 3 attempt(s): ('invalid_grant: Bad Request', {'error': 'invalid_grant', 'error_description': 'Bad Request'})
2026-04-16 20:10:44: 2026-04-16 20:10:44 [error_recovery] WARNING: [YouTube.search.list] attempt 1/3 failed (RefreshError: ('invalid_grant: Bad Request', {'error': 'invalid_grant', 'error_description': 'Bad Request'})) — retrying in 10.2s
2026-04-16 20:11:00: 2026-04-16 20:10:58 [error_recovery] WARNING: [YouTube.search.list] attempt 2/3 failed (RefreshError: ('invalid_grant: Bad Request', {'error': 'invalid_grant', 'error_description': 'Bad Request'})) — retrying in 19.6s
2026-04-16 20:11:18: 2026-04-16 20:11:18 [error_recovery] ERROR: [YouTube.search.list] failed after 3 attempt(s): ('invalid_grant: Bad Request', {'error': 'invalid_grant', 'error_description': 'Bad Request'})
2026-04-16 20:16:27: 2026-04-16 20:16:26 [error_recovery] WARNING: [YouTube.search.list] attempt 1/3 failed (RefreshError: ('invalid_grant: Bad Request', {'error': 'invalid_grant', 'error_description': 'Bad Request'})) — retrying in 9.8s
2026-04-16 20:16:41: 2026-04-16 20:16:41 [error_recovery] WARNING: [YouTube.search.list] attempt 2/3 failed (RefreshError: ('invalid_grant: Bad Request', {'error': 'invalid_grant', 'error_description': 'Bad Request'})) — retrying in 19.5s
2026-04-16 20:17:04: 2026-04-16 20:17:04 [error_recovery] ERROR: [YouTube.search.list] failed after 3 attempt(s): ('invalid_grant: Bad Request', {'error': 'invalid_grant', 'error_description': 'Bad Request'})
2026-04-16 20:22:57: 2026-04-16 20:22:56 [error_recovery] WARNING: [YouTube.search.list] attempt 1/3 failed (RefreshError: ('invalid_grant: Bad Request', {'error': 'invalid_grant', 'error_description': 'Bad Request'})) — retrying in 10.2s
2026-04-16 20:23:09: 2026-04-16 20:23:09 [error_recovery] WARNING: [YouTube.search.list] attempt 2/3 failed (RefreshError: ('invalid_grant: Bad Request', {'error': 'invalid_grant', 'error_description': 'Bad Request'})) — retrying in 20.5s
2026-04-16 20:23:41: 2026-04-16 20:23:41 [error_recovery] ERROR: [YouTube.search.list] failed after 3 attempt(s): ('invalid_grant: Bad Request', {'error': 'invalid_grant', 'error_description': 'Bad Request'})
2026-04-16 20:29:02: 2026-04-16 20:29:02 [error_recovery] WARNING: [YouTube.search.list] attempt 1/3 failed (RefreshError: ('invalid_grant: Bad Request', {'error': 'invalid_grant', 'error_description': 'Bad Request'})) — retrying in 9.6s
2026-04-16 20:29:13: 2026-04-16 20:29:13 [error_recovery] WARNING: [YouTube.search.list] attempt 2/3 failed (RefreshError: ('invalid_grant: Bad Request', {'error': 'invalid_grant', 'error_description': 'Bad Request'})) — retrying in 19.8s
2026-04-16 20:29:34: 2026-04-16 20:29:34 [error_recovery] ERROR: [YouTube.search.list] failed after 3 attempt(s): ('invalid_grant: Bad Request', {'error': 'invalid_grant', 'error_description': 'Bad Request'})
2026-04-16 20:35:14: 2026-04-16 20:35:13 [error_recovery] WARNING: [YouTube.search.list] attempt 1/3 failed (RefreshError: ('invalid_grant: Bad Request', {'error': 'invalid_grant', 'error_description': 'Bad Request'})) — retrying in 9.8s
2026-04-16 20:35:24: 2026-04-16 20:35:23 [error_recovery] WARNING: [YouTube.search.list] attempt 2/3 failed (RefreshError: ('invalid_grant: Bad Request', {'error': 'invalid_grant', 'error_description': 'Bad Request'})) — retrying in 20.0s
2026-04-16 20:35:52: 2026-04-16 20:35:50 [error_recovery] ERROR: [YouTube.search.list] failed after 3 attempt(s): ('invalid_grant: Bad Request', {'error': 'invalid_grant', 'error_description': 'Bad Request'})
2026-04-16 20:41:44: 2026-04-16 20:41:44 [error_recovery] WARNING: [YouTube.search.list] attempt 1/3 failed (RefreshError: ('invalid_grant: Bad Request', {'error': 'invalid_grant', 'error_description': 'Bad Request'})) — retrying in 10.3s
2026-04-16 20:41:54: 2026-04-16 20:41:54 [error_recovery] WARNING: [YouTube.search.list] attempt 2/3 failed (RefreshError: ('invalid_grant: Bad Request', {'error': 'invalid_grant', 'error_description': 'Bad Request'})) — retrying in 20.4s
2026-04-16 20:42:19: 2026-04-16 20:42:19 [error_recovery] ERROR: [YouTube.search.list] failed after 3 attempt(s): ('invalid_grant: Bad Request', {'error': 'invalid_grant', 'error_description': 'Bad Request'})
2026-04-16 20:47:46: 2026-04-16 20:47:46 [error_recovery] WARNING: [YouTube.search.list] attempt 1/3 failed (RefreshError: ('invalid_grant: Bad Request', {'error': 'invalid_grant', 'error_description': 'Bad Request'})) — retrying in 10.0s
2026-04-16 20:47:58: 2026-04-16 20:47:58 [error_recovery] WARNING: [YouTube.search.list] attempt 2/3 failed (RefreshError: ('invalid_grant: Bad Request', {'error': 'invalid_grant', 'error_description': 'Bad Request'})) — retrying in 20.2s
2026-04-16 20:48:23: 2026-04-16 20:48:23 [error_recovery] ERROR: [YouTube.search.list] failed after 3 attempt(s): ('invalid_grant: Bad Request', {'error': 'invalid_grant', 'error_description': 'Bad Request'})
2026-04-16 20:54:40: 2026-04-16 20:54:40 [error_recovery] WARNING: [YouTube.search.list] attempt 1/3 failed (RefreshError: ('invalid_grant: Bad Request', {'error': 'invalid_grant', 'error_description': 'Bad Request'})) — retrying in 10.4s
2026-04-16 20:54:52: 2026-04-16 20:54:52 [error_recovery] WARNING: [YouTube.search.list] attempt 2/3 failed (RefreshError: ('invalid_grant: Bad Request', {'error': 'invalid_grant', 'error_description': 'Bad Request'})) — retrying in 20.1s
2026-04-16 20:55:13: 2026-04-16 20:55:12 [error_recovery] ERROR: [YouTube.search.list] failed after 3 attempt(s): ('invalid_grant: Bad Request', {'error': 'invalid_grant', 'error_description': 'Bad Request'})
2026-04-16 21:02:54: 2026-04-16 21:02:54 [error_recovery] WARNING: [YouTube.search.list] attempt 1/3 failed (RefreshError: ('invalid_grant: Bad Request', {'error': 'invalid_grant', 'error_description': 'Bad Request'})) — retrying in 9.8s
2026-04-16 21:03:11: 2026-04-16 21:03:04 [error_recovery] WARNING: [YouTube.search.list] attempt 2/3 failed (RefreshError: ('invalid_grant: Bad Request', {'error': 'invalid_grant', 'error_description': 'Bad Request'})) — retrying in 19.7s
2026-04-16 21:03:35: 2026-04-16 21:03:33 [error_recovery] ERROR: [YouTube.search.list] failed after 3 attempt(s): ('invalid_grant: Bad Request', {'error': 'invalid_grant', 'error_description': 'Bad Request'})
2026-04-16 21:09:18: 2026-04-16 21:09:18 [error_recovery] WARNING: [YouTube.search.list] attempt 1/3 failed (RefreshError: ('invalid_grant: Bad Request', {'error': 'invalid_grant', 'error_description': 'Bad Request'})) — retrying in 10.2s
2026-04-16 21:09:30: 2026-04-16 21:09:30 [error_recovery] WARNING: [YouTube.search.list] attempt 2/3 failed (RefreshError: ('invalid_grant: Bad Request', {'error': 'invalid_grant', 'error_description': 'Bad Request'})) — retrying in 20.1s
2026-04-16 21:09:50: 2026-04-16 21:09:50 [error_recovery] ERROR: [YouTube.search.list] failed after 3 attempt(s): ('invalid_grant: Bad Request', {'error': 'invalid_grant', 'error_description': 'Bad Request'})
2026-04-16 21:14:54: 2026-04-16 21:14:54 [error_recovery] WARNING: [YouTube.search.list] attempt 1/3 failed (RefreshError: ('invalid_grant: Bad Request', {'error': 'invalid_grant', 'error_description': 'Bad Request'})) — retrying in 10.4s
2026-04-16 21:15:05: 2026-04-16 21:15:05 [error_recovery] WARNING: [YouTube.search.list] attempt 2/3 failed (RefreshError: ('invalid_grant: Bad Request', {'error': 'invalid_grant', 'error_description': 'Bad Request'})) — retrying in 20.2s
2026-04-16 21:15:29: 2026-04-16 21:15:29 [error_recovery] ERROR: [YouTube.search.list] failed after 3 attempt(s): ('invalid_grant: Bad Request', {'error': 'invalid_grant', 'error_description': 'Bad Request'})
2026-04-16 21:20:37: 2026-04-16 21:20:37 [error_recovery] WARNING: [YouTube.search.list] attempt 1/3 failed (RefreshError: ('invalid_grant: Bad Request', {'error': 'invalid_grant', 'error_description': 'Bad Request'})) — retrying in 10.4s
2026-04-16 21:20:48: 2026-04-16 21:20:48 [error_recovery] WARNING: [YouTube.search.list] attempt 2/3 failed (RefreshError: ('invalid_grant: Bad Request', {'error': 'invalid_grant', 'error_description': 'Bad Request'})) — retrying in 20.5s
2026-04-16 21:21:08: 2026-04-16 21:21:08 [error_recovery] ERROR: [YouTube.search.list] failed after 3 attempt(s): ('invalid_grant: Bad Request', {'error': 'invalid_grant', 'error_description': 'Bad Request'})
2026-06-04 06:50:13: 2026-06-04 06:50:13 [googleapiclient.discovery_cache] INFO: file_cache is only supported with oauth2client<4.0.0
2026-06-04 06:50:17: 2026-06-04 06:50:17 [google_auth_httplib2] INFO: Refreshing credentials due to a 401 response. Attempt 1/2.
2026-06-04 06:50:18: 2026-06-04 06:50:18 [error_recovery] WARNING: [YouTube.channels.list] attempt 1/3 failed (RefreshError: ('invalid_grant: Bad Request', {'error': 'invalid_grant', 'error_description': 'Bad Request'})) — retrying in 4.9s
2026-06-04 06:50:23: 2026-06-04 06:50:23 [google_auth_httplib2] INFO: Refreshing credentials due to a 401 response. Attempt 1/2.
2026-06-04 06:50:23: 2026-06-04 06:50:23 [error_recovery] WARNING: [YouTube.channels.list] attempt 2/3 failed (RefreshError: ('invalid_grant: Bad Request', {'error': 'invalid_grant', 'error_description': 'Bad Request'})) — retrying in 10.4s
2026-06-04 06:50:34: 2026-06-04 06:50:34 [google_auth_httplib2] INFO: Refreshing credentials due to a 401 response. Attempt 1/2.
2026-06-04 06:50:35: 2026-06-04 06:50:35 [error_recovery] ERROR: [YouTube.channels.list] failed after 3 attempt(s): ('invalid_grant: Bad Request', {'error': 'invalid_grant', 'error_description': 'Bad Request'})
2026-06-04 06:50:35: 2026-06-04 06:50:35 [YouTubeWatcher] ERROR: Failed to get channel ID after retries
2026-06-04 06:50:35: 2026-06-04 06:50:35 [YouTubeWatcher] INFO: Starting YouTubeWatcher (interval: 300s, vault: /mnt/d/AI_Employee_Vault/AI_Employee_Vault, circuit: CLOSED, queued: 0)
2026-06-04 12:48:53: 2026-06-04 12:48:53 [googleapiclient.discovery_cache] INFO: file_cache is only supported with oauth2client<4.0.0
2026-06-04 12:48:56: 2026-06-04 12:48:56 [google_auth_httplib2] INFO: Refreshing credentials due to a 401 response. Attempt 1/2.
2026-06-04 12:48:57: 2026-06-04 12:48:57 [error_recovery] WARNING: [YouTube.channels.list] attempt 1/3 failed (RefreshError: ('invalid_grant: Bad Request', {'error': 'invalid_grant', 'error_description': 'Bad Request'})) — retrying in 5.3s
2026-06-04 12:49:02: 2026-06-04 12:49:02 [google_auth_httplib2] INFO: Refreshing credentials due to a 401 response. Attempt 1/2.
2026-06-04 12:49:02: 2026-06-04 12:49:02 [error_recovery] WARNING: [YouTube.channels.list] attempt 2/3 failed (RefreshError: ('invalid_grant: Bad Request', {'error': 'invalid_grant', 'error_description': 'Bad Request'})) — retrying in 9.6s
2026-06-04 12:49:13: 2026-06-04 12:49:13 [google_auth_httplib2] INFO: Refreshing credentials due to a 401 response. Attempt 1/2.
2026-06-04 12:49:13: 2026-06-04 12:49:13 [error_recovery] ERROR: [YouTube.channels.list] failed after 3 attempt(s): ('invalid_grant: Bad Request', {'error': 'invalid_grant', 'error_description': 'Bad Request'})
2026-06-04 12:49:13: 2026-06-04 12:49:13 [YouTubeWatcher] ERROR: Failed to get channel ID after retries
2026-06-04 12:49:13: 2026-06-04 12:49:13 [YouTubeWatcher] INFO: Starting YouTubeWatcher (interval: 300s, vault: /mnt/d/AI_Employee_Vault/AI_Employee_Vault, circuit: CLOSED, queued: 0)
2026-06-04 20:23:59: 2026-06-04 20:23:59 [googleapiclient.discovery_cache] INFO: file_cache is only supported with oauth2client<4.0.0
2026-06-04 20:24:02: 2026-06-04 20:24:02 [google_auth_httplib2] INFO: Refreshing credentials due to a 401 response. Attempt 1/2.
2026-06-04 20:24:02: 2026-06-04 20:24:02 [error_recovery] WARNING: [YouTube.channels.list] attempt 1/3 failed (RefreshError: ('invalid_grant: Bad Request', {'error': 'invalid_grant', 'error_description': 'Bad Request'})) — retrying in 5.4s
2026-06-04 20:24:08: 2026-06-04 20:24:08 [google_auth_httplib2] INFO: Refreshing credentials due to a 401 response. Attempt 1/2.
2026-06-04 20:24:08: 2026-06-04 20:24:08 [error_recovery] WARNING: [YouTube.channels.list] attempt 2/3 failed (RefreshError: ('invalid_grant: Bad Request', {'error': 'invalid_grant', 'error_description': 'Bad Request'})) — retrying in 10.2s
2026-06-04 20:24:19: 2026-06-04 20:24:19 [google_auth_httplib2] INFO: Refreshing credentials due to a 401 response. Attempt 1/2.
2026-06-04 20:24:19: 2026-06-04 20:24:19 [error_recovery] ERROR: [YouTube.channels.list] failed after 3 attempt(s): ('invalid_grant: Bad Request', {'error': 'invalid_grant', 'error_description': 'Bad Request'})
2026-06-04 20:24:19: 2026-06-04 20:24:19 [YouTubeWatcher] ERROR: Failed to get channel ID after retries
2026-06-04 20:24:19: 2026-06-04 20:24:19 [YouTubeWatcher] INFO: Starting YouTubeWatcher (interval: 300s, vault: /mnt/d/AI_Employee_Vault/AI_Employee_Vault, circuit: CLOSED, queued: 0)
2026-06-16 01:26:44: 2026-06-16 01:26:44 [googleapiclient.discovery_cache] INFO: file_cache is only supported with oauth2client<4.0.0
2026-06-16 01:26:45: 2026-06-16 01:26:45 [google_auth_httplib2] INFO: Refreshing credentials due to a 401 response. Attempt 1/2.
2026-06-16 01:26:46: 2026-06-16 01:26:46 [error_recovery] WARNING: [YouTube.channels.list] attempt 1/3 failed (RefreshError: ('invalid_grant: Bad Request', {'error': 'invalid_grant', 'error_description': 'Bad Request'})) — retrying in 5.2s
2026-06-16 01:26:52: 2026-06-16 01:26:52 [google_auth_httplib2] INFO: Refreshing credentials due to a 401 response. Attempt 1/2.
2026-06-16 01:26:52: 2026-06-16 01:26:52 [error_recovery] WARNING: [YouTube.channels.list] attempt 2/3 failed (RefreshError: ('invalid_grant: Bad Request', {'error': 'invalid_grant', 'error_description': 'Bad Request'})) — retrying in 10.3s
2026-06-16 01:27:02: 2026-06-16 01:27:02 [google_auth_httplib2] INFO: Refreshing credentials due to a 401 response. Attempt 1/2.
2026-06-16 01:27:02: 2026-06-16 01:27:02 [error_recovery] ERROR: [YouTube.channels.list] failed after 3 attempt(s): ('invalid_grant: Bad Request', {'error': 'invalid_grant', 'error_description': 'Bad Request'})
2026-06-16 01:27:02: 2026-06-16 01:27:02 [YouTubeWatcher] ERROR: Failed to get channel ID after retries
2026-06-16 01:27:02: 2026-06-16 01:27:02 [YouTubeWatcher] INFO: Starting YouTubeWatcher (interval: 300s, vault: /mnt/d/AI_Employee_Vault/AI_Employee_Vault, circuit: CLOSED, queued: 0)
2026-06-16 09:54:37: 2026-06-16 09:54:37 [googleapiclient.discovery_cache] INFO: file_cache is only supported with oauth2client<4.0.0
2026-06-16 09:54:39: 2026-06-16 09:54:39 [google_auth_httplib2] INFO: Refreshing credentials due to a 401 response. Attempt 1/2.
2026-06-16 09:54:39: 2026-06-16 09:54:39 [error_recovery] WARNING: [YouTube.channels.list] attempt 1/3 failed (RefreshError: ('invalid_grant: Bad Request', {'error': 'invalid_grant', 'error_description': 'Bad Request'})) — retrying in 4.6s
2026-06-16 09:54:44: 2026-06-16 09:54:44 [google_auth_httplib2] INFO: Refreshing credentials due to a 401 response. Attempt 1/2.
2026-06-16 09:54:44: 2026-06-16 09:54:44 [error_recovery] WARNING: [YouTube.channels.list] attempt 2/3 failed (RefreshError: ('invalid_grant: Bad Request', {'error': 'invalid_grant', 'error_description': 'Bad Request'})) — retrying in 9.9s
2026-06-16 09:54:54: 2026-06-16 09:54:54 [google_auth_httplib2] INFO: Refreshing credentials due to a 401 response. Attempt 1/2.
2026-06-16 09:54:54: 2026-06-16 09:54:54 [error_recovery] ERROR: [YouTube.channels.list] failed after 3 attempt(s): ('invalid_grant: Bad Request', {'error': 'invalid_grant', 'error_description': 'Bad Request'})
2026-06-16 09:54:54: 2026-06-16 09:54:54 [YouTubeWatcher] ERROR: Failed to get channel ID after retries
2026-06-16 09:54:54: 2026-06-16 09:54:54 [YouTubeWatcher] INFO: Starting YouTubeWatcher (interval: 300s, vault: /mnt/d/AI_Employee_Vault/AI_Employee_Vault, circuit: CLOSED, queued: 0)
2026-06-16 10:53:40: 2026-06-16 10:53:40 [googleapiclient.discovery_cache] INFO: file_cache is only supported with oauth2client<4.0.0
2026-06-16 10:53:41: 2026-06-16 10:53:41 [google_auth_httplib2] INFO: Refreshing credentials due to a 401 response. Attempt 1/2.
2026-06-16 10:53:42: 2026-06-16 10:53:42 [error_recovery] WARNING: [YouTube.channels.list] attempt 1/3 failed (RefreshError: ('invalid_grant: Bad Request', {'error': 'invalid_grant', 'error_description': 'Bad Request'})) — retrying in 5.1s
2026-06-16 10:53:47: 2026-06-16 10:53:47 [google_auth_httplib2] INFO: Refreshing credentials due to a 401 response. Attempt 1/2.
2026-06-16 10:53:47: 2026-06-16 10:53:47 [error_recovery] WARNING: [YouTube.channels.list] attempt 2/3 failed (RefreshError: ('invalid_grant: Bad Request', {'error': 'invalid_grant', 'error_description': 'Bad Request'})) — retrying in 10.0s
2026-06-16 10:53:57: 2026-06-16 10:53:57 [google_auth_httplib2] INFO: Refreshing credentials due to a 401 response. Attempt 1/2.
2026-06-16 10:53:58: 2026-06-16 10:53:58 [error_recovery] ERROR: [YouTube.channels.list] failed after 3 attempt(s): ('invalid_grant: Bad Request', {'error': 'invalid_grant', 'error_description': 'Bad Request'})
2026-06-16 10:53:58: 2026-06-16 10:53:58 [YouTubeWatcher] ERROR: Failed to get channel ID after retries
2026-06-16 10:53:58: 2026-06-16 10:53:58 [YouTubeWatcher] INFO: Starting YouTubeWatcher (interval: 300s, vault: /mnt/d/AI_Employee_Vault/AI_Employee_Vault, circuit: CLOSED, queued: 0)
2026-06-16 13:09:06: 2026-06-16 13:09:06 [googleapiclient.discovery_cache] INFO: file_cache is only supported with oauth2client<4.0.0
2026-06-16 13:09:10: 2026-06-16 13:09:10 [google_auth_httplib2] INFO: Refreshing credentials due to a 401 response. Attempt 1/2.
2026-06-16 13:09:10: 2026-06-16 13:09:10 [error_recovery] WARNING: [YouTube.channels.list] attempt 1/3 failed (RefreshError: ('invalid_grant: Bad Request', {'error': 'invalid_grant', 'error_description': 'Bad Request'})) — retrying in 5.1s
2026-06-16 13:09:16: 2026-06-16 13:09:16 [google_auth_httplib2] INFO: Refreshing credentials due to a 401 response. Attempt 1/2.
2026-06-16 13:09:16: 2026-06-16 13:09:16 [error_recovery] WARNING: [YouTube.channels.list] attempt 2/3 failed (RefreshError: ('invalid_grant: Bad Request', {'error': 'invalid_grant', 'error_description': 'Bad Request'})) — retrying in 10.4s
2026-06-16 13:09:27: 2026-06-16 13:09:27 [google_auth_httplib2] INFO: Refreshing credentials due to a 401 response. Attempt 1/2.
2026-06-16 13:09:27: 2026-06-16 13:09:27 [error_recovery] ERROR: [YouTube.channels.list] failed after 3 attempt(s): ('invalid_grant: Bad Request', {'error': 'invalid_grant', 'error_description': 'Bad Request'})
2026-06-16 13:09:27: 2026-06-16 13:09:27 [YouTubeWatcher] ERROR: Failed to get channel ID after retries
2026-06-16 13:09:27: 2026-06-16 13:09:27 [YouTubeWatcher] INFO: Starting YouTubeWatcher (interval: 300s, vault: /mnt/d/AI_Employee_Vault/AI_Employee_Vault, circuit: CLOSED, queued: 0)
